,0,1,2,3,4,5,6,7,8,9,10,11,12,13,14,15,16,17,18,19
0,Nathan,MacKinnon,Calgary Flames,C,200,72,21,17,0,0,0,0,0,2244.0,40953.0,42449.0,0,16830.0,3179.0,3179.0
1,Morgan,Geekie,Boston Bruins,C,212,75,23,16,0,0,0,0,0,1664.0,7696.0,9776.0,0,12272.0,8736.0,2496.0
2,Matt,Boldy,Ottawa Senators,L,201,74,22,14,0,0,0,0,0,1540.0,2002.0,2926.0,0,11396.0,2156.0,2464.0
3,Leon,Draisaitl,New York Islanders,C,209,74,24,14,0,0,0,0,0,1008.0,36792.0,27888.0,0,9912.0,2184.0,1344.0
4,Bo,Horvat,,C,225,73,22,14,0,0,0,0,0,2800.0,32620.0,23240.0,308,10360.0,1960.0,980.0
5,Brad,Marchand,,L,180,69,20,14,0,0,0,0,0,2772.0,154.0,462.0,0,8932.0,2310.0,1694.0
6,Connor,Bedard,Philadelphia Flyers,C,190,70,21,13,0,0,0,0,0,2574.0,11349.0,11466.0,546,8307.0,819.0,1638.0
7,Cole,Caufield,,R,175,68,21,13,0,0,0,0,0,832.0,208.0,312.0,0,6136.0,1872.0,832.0
8,Macklin,Celebrini,,C,190,72,22,13,0,0,0,0,0,1404.0,20124.0,20592.0,572,7254.0,1521.0,2106.0
9,Sidney,Crosby,Toronto Maple Leafs,C,200,71,21,13,0,0,0,0,0,3432.0,32461.0,28171.0,0,6578.0,2431.0,1716.0
10,Cutter,Gauthier,Washington Capitals,L,205,74,22,13,0,0,0,0,0,1560.0,1820.0,2600.0,286,12610.0,2210.0,1170.0
11,Martin,Necas,Calgary Flames,C,195,75,21,13,0,0,0,0,0,2288.0,1001.0,858.0,0,6578.0,3146.0,1144.0
12,Jason,Robertson,Edmonton Oilers,L,204,75,22,13,0,0,0,0,0,234.0,0.0,117.0,286,11232.0,1755.0,1521.0
13,Tyler,Bertuzzi,Philadelphia Flyers,L,200,74,18,12,0,0,0,0,0,2112.0,1920.0,1824.0,216,4032.0,1824.0,384.0
14,Jake,Guentzel,Los Angeles Kings,C,176,71,21,12,0,0,0,0,0,648.0,5940.0,4968.0,252,6696.0,972.0,1944.0
15,Seth,Jarvis,Detroit Red Wings,C,180,70,21,12,0,0,0,0,0,648.0,1296.0,1620.0,0,6912.0,1728.0,1188.0
16,Wyatt,Johnston,Edmonton Oilers,C,187,73,22,12,0,0,0,0,0,792.0,17028.0,16368.0,0,8184.0,1188.0,2772.0
17,Kirill,Kaprizov,Ottawa Senators,L,202,70,22,12,0,0,0,0,0,528.0,0.0,132.0,0,9900.0,924.0,1716.0
18,Dylan,Larkin,Pittsburgh Penguins,C,204,73,22,12,0,0,0,0,0,1200.0,30480.0,24240.0,0,8880.0,960.0,1440.0
19,Sam,Reinhart,,C,196,73,21,12,0,0,0,0,0,264.0,2772.0,6072.0,0,7788.0,2772.0,2508.0
20,Kiefer,Sherwood,New Jersey Devils,L,194,72,22,12,0,0,0,0,0,1536.0,480.0,960.0,264,3840.0,9216.0,1344.0
21,Tim,Stützle,,C,187,72,21,12,0,0,0,0,0,864.0,12420.0,8532.0,0,5940.0,3888.0,1836.0
22,John,Tavares,New York Rangers,C,217,73,22,12,0,0,0,0,0,720.0,27240.0,17520.0,0,7920.0,2640.0,960.0
23,Leo,Carlsson,Washington Capitals,C,208,75,22,11,0,0,0,0,0,2277.0,17523.0,20493.0,0,5445.0,495.0,1386.0
24,Kyle,Connor,,L,183,73,20,11,0,0,0,0,0,528.0,0.0,0.0,220,6512.0,792.0,264.0
25,Pavel,Dorofeyev,,R,194,73,21,11,0,0,0,0,0,528.0,0.0,0.0,231,5104.0,792.0,792.0
26,David,Pastrnak,Boston Bruins,R,199,72,23,11,0,0,0,0,0,1386.0,99.0,0.0,0,7821.0,3564.0,792.0
27,Mikko,Rantanen,Edmonton Oilers,R,228,76,22,11,0,0,0,0,0,6270.0,1540.0,1650.0,0,6380.0,1980.0,2310.0
28,Mark,Scheifele,,C,207,75,20,11,0,0,0,0,0,1584.0,16533.0,16236.0,0,4653.0,495.0,693.0
29,Tage,Thompson,,C,220,78,21,11,0,0,0,0,0,1100.0,10230.0,10010.0,0,9130.0,3190.0,1430.0
30,Tom,Wilson,Dallas Stars,R,225,76,22,11,0,0,0,0,0,5148.0,693.0,693.0,0,4950.0,6237.0,1782.0
31,Alex,DeBrincat,Pittsburgh Penguins,R,180,68,22,10,0,0,0,0,0,160.0,320.0,480.0,0,6880.0,720.0,640.0
32,Jack,Eichel,,C,208,74,21,10,0,0,0,0,0,140.0,11270.0,12040.0,0,6020.0,420.0,1050.0
33,Jack,Hughes,Montréal Canadiens,C,175,71,17,10,0,0,0,0,0,0.0,3120.0,6060.0,170,4140.0,120.0,660.0
34,Chris,Kreider,Washington Capitals,L,232,75,18,10,0,0,0,0,0,700.0,140.0,210.0,0,2870.0,490.0,700.0
35,Nikita,Kucherov,Los Angeles Kings,R,173,72,19,10,0,0,0,0,0,480.0,0.0,0.0,0,4800.0,480.0,400.0
36,Kirill,Marchenko,San Jose Sharks,R,201,75,22,10,0,0,0,0,0,560.0,0.0,70.0,220,4550.0,1330.0,1050.0
37,Connor,McDavid,New York Islanders,C,194,73,24,10,0,0,0,0,0,700.0,8400.0,9170.0,0,5040.0,560.0,420.0
38,William,Nylander,New York Rangers,R,200,72,19,10,0,0,0,0,0,960.0,1120.0,1760.0,0,3520.0,240.0,880.0
39,Alex,Ovechkin,Dallas Stars,L,238,75,22,10,0,0,0,0,0,320.0,80.0,0.0,220,4240.0,3200.0,560.0
40,Shane,Pinto,,C,206,75,21,10,0,0,0,0,0,960.0,10800.0,8800.0,0,4240.0,1520.0,1280.0
41,Nick,Schmaltz,,C,184,72,22,10,0,0,0,0,0,280.0,3080.0,5040.0,220,4060.0,420.0,980.0
42,Brock,Boeser,New Jersey Devils,R,208,73,20,9,0,0,0,0,0,0.0,1368.0,1584.0,0,3384.0,864.0,576.0
43,Logan,Cooley,,C,191,72,22,9,0,0,0,0,0,1080.0,5832.0,8478.0,198,2322.0,1242.0,648.0
44,Jake,DeBrusk,New Jersey Devils,L,198,73,22,9,0,0,0,0,0,324.0,405.0,486.0,0,5184.0,1458.0,972.0
45,Adam,Fantilli,San Jose Sharks,C,205,74,22,9,0,0,0,0,0,432.0,7560.0,7200.0,0,3816.0,1656.0,1008.0
46,Kevin,Fiala,Carolina Hurricanes,L,205,72,22,9,0,0,0,0,0,810.0,81.0,405.0,0,5670.0,891.0,891.0
47,Brandon,Hagel,Los Angeles Kings,L,186,74,20,9,0,0,0,0,0,756.0,819.0,1008.0,0,3654.0,819.0,819.0
48,Emil,Heineman,,L,204,74,22,9,0,0,0,0,0,720.0,216.0,72.0,0,3168.0,5256.0,1224.0
49,Tomas,Hertl,,C,220,75,21,9,0,0,0,0,0,648.0,16848.0,11016.0,0,5022.0,1944.0,1539.0
50,Auston,Matthews,New York Rangers,C,215,75,17,9,0,0,0,0,0,432.0,13032.0,9072.0,0,4680.0,936.0,2304.0
51,Dawson,Mercer,Montréal Canadiens,C,180,72,21,9,0,0,0,0,0,432.0,2214.0,2754.0,0,2160.0,756.0,1350.0
52,JJ,Peterka,,R,189,72,22,9,0,0,0,0,0,576.0,288.0,504.0,0,3096.0,288.0,432.0
53,Jack,Roslovic,New York Islanders,C,198,73,22,9,0,0,0,0,0,576.0,1944.0,1368.0,0,3600.0,504.0,864.0
54,Gabriel,Vilardi,,C,216,75,20,9,0,0,0,0,0,378.0,693.0,693.0,0,3150.0,378.0,630.0
55,Dmitri,Voronkov,San Jose Sharks,L,234,77,22,9,0,0,0,0,0,1728.0,144.0,576.0,0,3312.0,3096.0,720.0
56,Trevor,Zegras,,C,185,72,20,9,0,0,0,0,0,900.0,1395.0,2295.0,180,2115.0,360.0,405.0
57,Sebastian,Aho,Detroit Red Wings,C,189,72,21,8,0,0,0,0,0,256.0,10496.0,11520.0,0,3648.0,1408.0,704.0
58,Drake,Batherson,,R,209,75,18,8,0,0,0,0,0,288.0,48.0,0.0,0,1728.0,1440.0,528.0
59,Anthony,Cirelli,Los Angeles Kings,C,193,73,17,8,0,0,0,0,0,384.0,6336.0,7008.0,0,1344.0,384.0,768.0
60,Matt,Coronato,Vancouver Canucks,R,183,70,22,8,0,0,0,0,0,672.0,728.0,1792.0,0,3808.0,112.0,448.0
61,Dylan,Cozens,,C,205,75,21,8,0,0,0,0,0,448.0,6160.0,5432.0,0,2632.0,3584.0,672.0
62,Jordan,Eberle,,R,180,71,21,8,0,0,0,0,0,480.0,384.0,384.0,0,2640.0,960.0,576.0
63,Filip,Forsberg,St. Louis Blues,L,205,73,21,8,0,0,0,0,0,640.0,128.0,384.0,0,4160.0,3264.0,896.0
64,Dylan,Guenther,,R,191,73,22,8,0,0,0,0,0,384.0,640.0,832.0,0,4864.0,1344.0,512.0
65,Marcus,Johansson,Ottawa Senators,L,203,73,22,8,0,0,0,0,0,224.0,280.0,280.0,0,1848.0,616.0,336.0
66,Clayton,Keller,,R,175,70,22,8,0,0,0,0,0,336.0,112.0,56.0,0,3528.0,280.0,504.0
67,Artturi,Lehkonen,Calgary Flames,L,179,71,21,8,0,0,0,0,0,96.0,0.0,96.0,0,2688.0,528.0,1104.0
68,Cale,Makar,Calgary Flames,D,187,72,21,8,0,0,0,0,0,480.0,0.0,0.0,0,2832.0,624.0,1776.0
69,Anthony,Mantha,Toronto Maple Leafs,R,240,77,21,8,0,0,0,0,0,448.0,64.0,320.0,0,2368.0,576.0,832.0
70,Lucas,Raymond,Pittsburgh Penguins,L,186,71,20,8,0,0,0,0,0,112.0,56.0,0.0,0,2744.0,392.0,392.0
71,Jaden,Schwartz,,L,185,70,21,8,0,0,0,0,0,384.0,480.0,288.0,0,2016.0,1152.0,1008.0
72,Ivan,Barbashev,,L,203,72,21,7,0,0,0,0,0,84.0,84.0,252.0,0,1260.0,1302.0,420.0
73,Bobby,Brink,,R,169,68,20,7,0,0,0,0,0,420.0,210.0,490.0,0,1330.0,1015.0,315.0
74,Andre,Burakovsky,Philadelphia Flyers,L,203,75,18,7,0,0,0,0,0,294.0,0.0,196.0,0,1274.0,294.0,392.0
75,Blake,Coleman,Vancouver Canucks,L,199,71,23,7,0,0,0,0,0,420.0,294.0,462.0,0,2184.0,2184.0,882.0
76,Josh,Doan,,R,198,74,21,7,0,0,0,0,0,280.0,70.0,35.0,0,1995.0,735.0,210.0
77,Ryan,Donato,Philadelphia Flyers,C,190,72,21,7,0,0,0,0,0,420.0,1974.0,2688.0,0,1554.0,1092.0,168.0
78,Tyson,Foerster,,R,215,74,16,7,0,0,0,0,0,588.0,42.0,42.0,0,1344.0,630.0,420.0
79,Oliver,Kapanen,,C,194,74,21,7,0,0,0,0,0,196.0,3430.0,3283.0,0,1372.0,441.0,833.0
80,Adrian,Kempe,Carolina Hurricanes,R,200,74,22,7,0,0,0,0,0,784.0,539.0,882.0,0,3577.0,2156.0,637.0
81,Philipp,Kurashev,,C,190,72,20,7,0,0,0,0,0,280.0,560.0,595.0,0,1365.0,735.0,525.0
82,J.T.,Miller,,C,211,72,22,7,0,0,0,0,0,252.0,8526.0,6258.0,0,2142.0,2268.0,504.0
83,Corey,Perry,Carolina Hurricanes,R,208,75,16,7,0,0,0,0,0,546.0,126.0,126.0,0,1470.0,168.0,336.0
84,Elias,Pettersson,New Jersey Devils,C,176,74,22,7,0,0,0,0,0,84.0,9828.0,10500.0,0,1638.0,1008.0,1974.0
85,Matthew,Schaefer,,D,186,74,22,7,0,0,0,0,0,336.0,0.0,0.0,0,2520.0,462.0,1134.0
86,Tyler,Seguin,Edmonton Oilers,C,205,74,22,7,0,0,0,0,0,98.0,5586.0,4459.0,0,1372.0,637.0,343.0
87,Beckett,Sennecke,Washington Capitals,R,206,75,22,7,0,0,0,0,0,588.0,42.0,42.0,0,1554.0,924.0,588.0
88,Will,Smith,,C,180,72,22,7,0,0,0,0,0,336.0,126.0,672.0,0,1932.0,294.0,252.0
89,Jordan,Staal,Detroit Red Wings,C,220,76,21,7,0,0,0,0,0,805.0,8575.0,6230.0,0,945.0,1295.0,525.0
90,Andrei,Svechnikov,Detroit Red Wings,R,200,75,21,7,0,0,0,0,0,420.0,126.0,42.0,0,2520.0,966.0,252.0
91,Troy,Terry,Washington Capitals,R,193,72,22,7,0,0,0,0,0,168.0,84.0,42.0,0,2226.0,0.0,210.0
92,Alex,Tuch,,R,219,76,21,7,0,0,0,0,0,1519.0,245.0,490.0,0,2352.0,637.0,1176.0
93,Zach,Werenski,San Jose Sharks,D,214,74,22,7,0,0,0,0,0,0.0,0.0,0.0,0,4165.0,735.0,1617.0
94,Mika,Zibanejad,,C,208,74,23,7,0,0,0,0,0,196.0,7938.0,6811.0,0,3479.0,1470.0,833.0
95,Michael,Amadio,,R,206,73,21,6,0,0,0,0,0,144.0,108.0,108.0,0,864.0,1152.0,576.0
96,Viktor,Arvidsson,Boston Bruins,L,181,70,20,6,0,0,0,0,0,216.0,216.0,108.0,0,1872.0,288.0,432.0
97,Mathew,Barzal,,C,186,73,21,6,0,0,0,0,0,576.0,2232.0,4068.0,0,1800.0,324.0,576.0
98,Jackson,Blake,Detroit Red Wings,R,185,71,21,6,0,0,0,0,0,420.0,0.0,60.0,0,1470.0,120.0,420.0
99,Justin,Brazeau,Toronto Maple Leafs,R,232,78,12,6,0,0,0,0,0,0.0,0.0,0.0,0,660.0,510.0,480.0
100,Jakob,Chychrun,Dallas Stars,D,215,74,22,6,0,0,0,0,0,756.0,0.0,0.0,0,2556.0,792.0,972.0
101,Will,Cuylle,,L,212,75,23,6,0,0,0,0,0,480.0,360.0,270.0,0,1560.0,2490.0,750.0
102,Christian,Dvorak,,C,190,73,20,6,0,0,0,0,0,240.0,3630.0,2940.0,0,1080.0,330.0,480.0
103,Justin,Faulk,Buffalo Sabres,D,208,72,22,6,0,0,0,0,0,300.0,0.0,0.0,0,1230.0,570.0,1470.0
104,Nico,Hischier,Montréal Canadiens,C,200,73,21,6,0,0,0,0,0,180.0,6870.0,5940.0,0,1440.0,420.0,720.0
105,Nazem,Kadri,Vancouver Canucks,C,185,72,23,6,0,0,0,0,0,288.0,5004.0,5472.0,0,2700.0,612.0,288.0
106,Jordan,Kyrou,Buffalo Sabres,R,189,73,21,6,0,0,0,0,0,0.0,0.0,36.0,0,2016.0,108.0,396.0
107,Anton,Lundell,,C,196,73,21,6,0,0,0,0,0,288.0,7524.0,6192.0,0,1584.0,720.0,684.0
108,Evgeni,Malkin,Toronto Maple Leafs,C,213,77,21,6,0,0,0,0,0,504.0,2772.0,3384.0,0,1872.0,288.0,180.0
109,Timo,Meier,Montréal Canadiens,R,220,73,21,6,0,0,0,0,0,360.0,468.0,432.0,0,2340.0,1260.0,504.0
110,Matvei,Michkov,,R,172,70,20,6,0,0,0,0,0,576.0,0.0,36.0,0,1368.0,468.0,288.0
111,Vladislav,Namestnikov,,C,181,72,20,6,0,0,0,0,0,216.0,1188.0,2052.0,0,1116.0,828.0,504.0
112,Jake,Neighbours,Buffalo Sabres,L,201,72,10,6,0,0,0,0,0,96.0,48.0,0.0,0,312.0,600.0,168.0
113,Brock,Nelson,Calgary Flames,C,205,76,21,6,0,0,0,0,0,360.0,6912.0,7056.0,0,1296.0,432.0,648.0
114,Alex,Newhook,,C,200,71,17,6,0,0,0,0,0,240.0,1110.0,1560.0,0,720.0,780.0,150.0
115,Drew,O'Connor,New Jersey Devils,L,209,76,22,6,0,0,0,0,0,300.0,390.0,240.0,0,840.0,510.0,450.0
116,Ryan,O'Reilly,St. Louis Blues,C,207,73,21,6,0,0,0,0,0,0.0,6510.0,4920.0,0,1110.0,180.0,810.0
117,Victor,Olofsson,Calgary Flames,L,180,71,21,6,0,0,0,0,0,72.0,0.0,18.0,126,936.0,90.0,144.0
118,Jean-Gabriel,Pageau,,C,180,71,22,6,0,0,0,0,0,0.0,7092.0,4824.0,0,792.0,1188.0,864.0
119,Kyle,Palmieri,,C,192,72,22,6,0,0,0,0,0,288.0,72.0,72.0,0,2304.0,576.0,504.0
120,Artemi,Panarin,,L,176,72,23,6,0,0,0,0,0,120.0,0.0,0.0,0,1890.0,90.0,90.0
121,Aliaksei,Protas,Dallas Stars,C,250,78,22,6,0,0,0,0,0,120.0,120.0,390.0,0,1350.0,330.0,780.0
122,Juraj,Slafkovský,,L,225,75,21,6,0,0,0,0,0,576.0,144.0,432.0,0,1656.0,1368.0,936.0
123,Pius,Suter,Buffalo Sabres,C,172,71,22,6,0,0,0,0,0,288.0,3636.0,3924.0,0,1296.0,612.0,252.0
124,Owen,Tippett,,R,210,73,20,6,0,0,0,0,0,600.0,0.0,30.0,0,1500.0,1050.0,270.0
125,Matthew,Wood,St. Louis Blues,R,202,76,14,6,0,0,0,0,0,0.0,48.0,120.0,84,744.0,240.0,144.0
126,Miles,Wood,San Jose Sharks,L,209,74,16,6,0,0,0,0,0,180.0,30.0,150.0,0,840.0,390.0,300.0
127,Josh,Anderson,,R,226,75,21,5,0,0,0,0,0,280.0,180.0,40.0,0,440.0,760.0,360.0
128,Rasmus,Andersson,Vancouver Canucks,D,202,73,23,5,0,0,0,0,0,500.0,0.0,0.0,0,1300.0,300.0,1075.0
129,Joel,Armia,Carolina Hurricanes,R,216,75,22,5,0,0,0,0,0,300.0,75.0,125.0,0,675.0,525.0,275.0
130,Jesper,Bratt,Montréal Canadiens,L,175,70,21,5,0,0,0,0,0,150.0,0.0,0.0,0,1250.0,600.0,200.0
131,Connor,Brown,Montréal Canadiens,R,184,72,14,5,0,0,0,0,0,40.0,60.0,100.0,0,400.0,160.0,200.0
132,Bowen,Byram,,D,205,73,21,5,0,0,0,0,0,250.0,0.0,0.0,0,800.0,350.0,725.0
133,Noah,Cates,,L,194,74,20,5,0,0,0,0,0,150.0,3125.0,4425.0,0,1025.0,450.0,450.0
134,Kirby,Dach,,C,221,76,15,5,0,0,0,0,0,320.0,920.0,1220.0,0,440.0,420.0,340.0
135,William,Eklund,,L,185,70,18,5,0,0,0,0,0,80.0,0.0,140.0,0,820.0,320.0,360.0
136,Michael,Eyssimont,Boston Bruins,C,195,72,23,5,0,0,0,0,0,375.0,25.0,50.0,0,1250.0,450.0,275.0
137,Joel,Farabee,Vancouver Canucks,L,186,72,23,5,0,0,0,0,0,140.0,160.0,220.0,0,860.0,420.0,360.0
138,Emmitt,Finnie,Pittsburgh Penguins,C,195,73,22,5,0,0,0,0,0,0.0,100.0,240.0,0,720.0,840.0,340.0
139,Conor,Garland,New Jersey Devils,R,165,70,18,5,0,0,0,0,0,275.0,125.0,275.0,0,1100.0,225.0,200.0
140,Adam,Gaudette,,R,190,73,18,5,0,0,0,0,0,200.0,825.0,925.0,0,625.0,450.0,125.0
141,Taylor,Hall,Detroit Red Wings,L,210,73,21,5,0,0,0,0,0,250.0,125.0,275.0,0,850.0,300.0,250.0
142,Roope,Hintz,Edmonton Oilers,C,217,75,17,5,0,0,0,0,0,50.0,3550.0,2750.0,0,1225.0,375.0,200.0
143,Dylan,Holloway,Buffalo Sabres,L,207,73,22,5,0,0,0,0,0,100.0,200.0,125.0,0,1150.0,1550.0,550.0
144,Parker,Kelly,Calgary Flames,C,185,73,21,5,0,0,0,0,0,200.0,360.0,540.0,0,580.0,980.0,320.0
145,Ben,Kindel,Toronto Maple Leafs,C,182,71,19,5,0,0,0,0,0,120.0,1060.0,1140.0,0,740.0,200.0,340.0
146,Matthew,Knies,New York Rangers,L,232,75,19,5,0,0,0,0,0,160.0,0.0,0.0,0,840.0,1000.0,320.0
147,Travis,Konecny,,R,192,70,20,5,0,0,0,0,0,375.0,175.0,375.0,0,1100.0,800.0,375.0
148,Alex,Laferriere,Carolina Hurricanes,R,205,73,22,5,0,0,0,0,0,100.0,1025.0,1175.0,0,1150.0,1325.0,375.0
149,Ryan,Leonard,Dallas Stars,R,205,73,22,5,0,0,0,0,0,200.0,100.0,60.0,0,860.0,660.0,160.0
150,Ryan,McLeod,,C,204,75,21,5,0,0,0,0,0,0.0,3060.0,3880.0,0,600.0,60.0,180.0
151,Bobby,McMann,New York Rangers,C,217,74,22,5,0,0,0,0,0,375.0,50.0,25.0,0,950.0,1300.0,325.0
152,Mason,McTavish,Washington Capitals,C,219,73,22,5,0,0,0,0,0,750.0,3325.0,3925.0,0,850.0,600.0,350.0
153,Josh,Morrissey,,D,195,72,20,5,0,0,0,0,0,150.0,0.0,0.0,0,900.0,300.0,1075.0
154,Frank,Nazar,Philadelphia Flyers,C,190,70,19,5,0,0,0,0,0,200.0,2825.0,3725.0,0,1000.0,275.0,625.0
155,Simon,Nemec,Montréal Canadiens,D,190,73,21,5,0,0,0,0,0,180.0,0.0,0.0,105,465.0,60.0,525.0
156,Valeri,Nichushkin,Calgary Flames,R,210,76,17,5,0,0,0,0,0,60.0,15.0,0.0,0,615.0,240.0,165.0
157,Ryan,Nugent-Hopkins,New York Islanders,C,192,73,16,5,0,0,0,0,0,80.0,760.0,1080.0,0,460.0,140.0,120.0
158,Darnell,Nurse,New York Islanders,D,215,76,24,5,0,0,0,0,0,435.0,0.0,0.0,0,810.0,525.0,885.0
159,Taylor,Raddysh,,R,201,74,23,5,0,0,0,0,0,30.0,0.0,45.0,115,330.0,300.0,150.0
160,Nicholas,Robertson,New York Rangers,L,180,69,21,5,0,0,0,0,0,0.0,25.0,25.0,0,925.0,650.0,225.0
161,Eric,Robinson,Detroit Red Wings,L,220,74,15,5,0,0,0,0,0,50.0,0.0,25.0,0,450.0,475.0,100.0
162,Evan,Rodrigues,,C,182,71,21,5,0,0,0,0,0,200.0,2425.0,3125.0,0,1225.0,600.0,450.0
163,Marco,Rossi,Ottawa Senators,C,182,69,17,5,0,0,0,0,0,50.0,2675.0,2825.0,0,675.0,275.0,250.0
164,Bryan,Rust,Toronto Maple Leafs,R,202,71,19,5,0,0,0,0,0,120.0,0.0,20.0,0,900.0,120.0,460.0
165,Mattias,Samuelsson,,D,229,76,19,5,0,0,0,0,0,80.0,0.0,0.0,0,480.0,500.0,860.0
166,Jimmy,Snuggerud,Buffalo Sabres,R,193,73,22,5,0,0,0,0,0,120.0,40.0,0.0,0,880.0,380.0,280.0
167,Logan,Stankoven,Detroit Red Wings,C,165,68,21,5,0,0,0,0,0,375.0,2825.0,3925.0,0,1075.0,175.0,200.0
168,Dylan,Strome,Dallas Stars,C,200,76,20,5,0,0,0,0,0,160.0,4000.0,2980.0,0,740.0,140.0,180.0
169,Nick,Suzuki,,C,207,71,21,5,0,0,0,0,0,100.0,4800.0,4375.0,0,1100.0,450.0,475.0
170,Teuvo,Teravainen,Philadelphia Flyers,C,191,71,21,5,0,0,0,0,0,50.0,600.0,675.0,0,650.0,225.0,325.0
171,Tyler,Toffoli,,C,205,72,22,5,0,0,0,0,0,50.0,25.0,75.0,0,1075.0,425.0,350.0
172,Alexander,Wennberg,,C,190,74,22,5,0,0,0,0,0,200.0,4000.0,4525.0,0,575.0,125.0,825.0
173,Shane,Wright,,C,192,72,21,5,0,0,0,0,0,50.0,1475.0,2475.0,0,775.0,475.0,275.0
174,Pavel,Zacha,Boston Bruins,C,211,76,23,5,0,0,0,0,0,400.0,3550.0,3150.0,0,900.0,625.0,350.0
175,Jason,Zucker,,L,198,71,13,5,0,0,0,0,0,120.0,260.0,380.0,0,560.0,340.0,40.0
176,Mikael,Backlund,Vancouver Canucks,C,206,72,23,4,0,0,0,0,0,64.0,3392.0,3136.0,0,832.0,240.0,128.0
177,Anthony,Beauvillier,Dallas Stars,L,181,71,22,4,0,0,0,0,0,48.0,48.0,36.0,0,552.0,360.0,108.0
178,Sam,Bennett,,C,193,73,21,4,0,0,0,0,0,384.0,2192.0,2064.0,0,672.0,672.0,144.0
179,Nick,Bjugstad,Buffalo Sabres,C,210,78,19,4,0,0,0,0,0,160.0,912.0,928.0,0,512.0,560.0,256.0
180,Zack,Bolduc,,R,187,72,21,4,0,0,0,0,0,160.0,144.0,112.0,0,480.0,640.0,224.0
181,Braeden,Bowman,,R,205,73,6,4,0,0,0,0,0,64.0,0.0,0.0,0,208.0,16.0,64.0
182,Gavin,Brindley,Calgary Flames,C,173,68,18,4,0,0,0,0,0,96.0,32.0,80.0,0,352.0,304.0,64.0
183,Michael,Bunting,St. Louis Blues,L,186,72,21,4,0,0,0,0,0,96.0,48.0,112.0,0,384.0,112.0,144.0
184,Quinton,Byfield,Carolina Hurricanes,R,225,77,22,4,0,0,0,0,0,128.0,2096.0,2992.0,0,912.0,272.0,144.0
185,John,Carlson,Dallas Stars,D,220,75,21,4,0,0,0,0,0,96.0,0.0,0.0,0,720.0,128.0,528.0
186,Ross,Colton,Calgary Flames,C,194,72,21,4,0,0,0,0,0,80.0,208.0,160.0,0,784.0,784.0,224.0
187,Nick,Cousins,,C,191,71,21,4,0,0,0,0,0,496.0,96.0,112.0,0,240.0,672.0,240.0
188,Charlie,Coyle,San Jose Sharks,C,221,75,22,4,0,0,0,0,0,64.0,2736.0,2656.0,0,576.0,464.0,272.0
189,Lawson,Crouse,,L,214,76,22,4,0,0,0,0,0,96.0,160.0,176.0,0,608.0,944.0,288.0
190,Ivan,Demidov,,R,192,73,21,4,0,0,0,0,0,160.0,0.0,0.0,0,384.0,112.0,160.0
191,Connor,Dewar,Toronto Maple Leafs,C,187,70,21,4,0,0,0,0,0,64.0,32.0,80.0,0,608.0,688.0,208.0
192,Jack,Drury,Calgary Flames,C,186,71,21,4,0,0,0,0,0,144.0,1776.0,1644.0,0,348.0,84.0,252.0
193,Nikolaj,Ehlers,Detroit Red Wings,L,168,72,21,4,0,0,0,0,0,96.0,96.0,160.0,0,928.0,96.0,80.0
194,Joel,Eriksson Ek,Ottawa Senators,C,207,75,22,4,0,0,0,0,0,192.0,3984.0,3616.0,0,1072.0,624.0,288.0
195,Brock,Faber,Ottawa Senators,D,200,73,22,4,0,0,0,0,0,32.0,0.0,0.0,0,768.0,128.0,656.0
196,Morgan,Frost,Vancouver Canucks,C,193,72,23,4,0,0,0,0,0,224.0,2752.0,2256.0,0,704.0,224.0,256.0
197,Zemgus,Girgensons,Los Angeles Kings,C,197,75,14,4,0,0,0,0,0,72.0,312.0,444.0,0,168.0,444.0,192.0
198,Claude,Giroux,,R,186,71,21,4,0,0,0,0,0,64.0,1904.0,800.0,0,656.0,320.0,64.0
199,A.J.,Greer,,L,209,75,21,4,0,0,0,0,0,592.0,32.0,80.0,0,320.0,1088.0,144.0
200,Arseny,Gritsyuk,Montréal Canadiens,R,195,72,21,4,0,0,0,0,0,160.0,64.0,32.0,0,752.0,400.0,160.0
201,Dougie,Hamilton,Montréal Canadiens,D,230,78,17,4,0,0,0,0,0,96.0,0.0,0.0,0,540.0,216.0,240.0
202,Ryan,Hartman,Ottawa Senators,R,197,72,20,4,0,0,0,0,0,72.0,1344.0,1716.0,0,492.0,228.0,252.0
203,Simon,Holmstrom,,R,208,73,21,4,0,0,0,0,0,96.0,32.0,32.0,0,336.0,80.0,464.0
204,Jonathan,Huberdeau,Vancouver Canucks,L,200,73,18,4,0,0,0,0,0,252.0,36.0,48.0,0,384.0,132.0,168.0
205,Alex,Iafallo,,L,201,72,20,4,0,0,0,0,0,96.0,96.0,32.0,0,528.0,272.0,256.0
206,Calle,Jarnkrok,New York Rangers,C,193,72,16,4,0,0,0,0,0,64.0,96.0,48.0,0,256.0,224.0,80.0
207,William,Karlsson,,C,190,72,14,4,0,0,0,0,0,48.0,1092.0,804.0,0,360.0,36.0,168.0
208,Mark,Kastelic,Boston Bruins,C,234,76,23,4,0,0,0,0,0,304.0,1616.0,1232.0,0,464.0,848.0,464.0
209,Marat,Khusnutdinov,Boston Bruins,C,184,71,18,4,0,0,0,0,0,72.0,360.0,300.0,0,204.0,144.0,132.0
210,Anze,Kopitar,Carolina Hurricanes,C,225,75,18,4,0,0,0,0,0,64.0,2912.0,2208.0,0,464.0,192.0,368.0
211,Alexis,Lafrenière,,L,191,74,23,4,0,0,0,0,0,96.0,32.0,128.0,0,752.0,528.0,304.0
212,Anders,Lee,,L,234,75,22,4,0,0,0,0,0,228.0,168.0,168.0,0,660.0,252.0,300.0
213,Elias,Lindholm,Boston Bruins,C,200,73,13,4,0,0,0,0,0,128.0,2096.0,1552.0,0,352.0,304.0,272.0
214,Matias,Maccelli,New York Rangers,L,187,71,21,4,0,0,0,0,0,64.0,48.0,32.0,0,272.0,32.0,112.0
215,Andrew,Mangiapane,New York Islanders,L,183,70,24,4,0,0,0,0,0,32.0,16.0,16.0,0,400.0,304.0,272.0
216,Jonathan,Marchessault,St. Louis Blues,C,185,69,18,4,0,0,0,0,0,72.0,48.0,36.0,0,516.0,384.0,60.0
217,Mitch,Marner,,R,180,72,21,4,0,0,0,0,0,48.0,144.0,144.0,0,444.0,84.0,156.0
218,Denton,Mateychuk,San Jose Sharks,D,188,71,21,4,0,0,0,0,0,32.0,0.0,0.0,0,352.0,224.0,576.0
219,Mike,Matheson,,D,196,74,21,4,0,0,0,0,0,224.0,0.0,0.0,0,416.0,256.0,736.0
220,Ilya,Mikheyev,Philadelphia Flyers,R,192,74,19,4,0,0,0,0,0,48.0,0.0,60.0,0,360.0,144.0,84.0
221,Casey,Mittelstadt,Boston Bruins,C,205,73,15,4,0,0,0,0,0,0.0,784.0,544.0,0,224.0,48.0,128.0
222,Brandon,Montour,,D,199,72,17,4,0,0,0,0,0,108.0,0.0,0.0,0,504.0,204.0,312.0
223,Trevor,Moore,Carolina Hurricanes,L,195,71,21,4,0,0,0,0,0,72.0,24.0,72.0,0,504.0,96.0,228.0
224,Nino,Niederreiter,,R,218,74,20,4,0,0,0,0,0,128.0,48.0,16.0,0,496.0,480.0,112.0
225,Vasily,Podkolzin,New York Islanders,R,190,73,24,4,0,0,0,0,0,144.0,112.0,160.0,0,576.0,1152.0,272.0
226,Jack,Quinn,,R,185,73,21,4,0,0,0,0,0,0.0,0.0,72.0,0,444.0,132.0,120.0
227,Max,Sasson,New Jersey Devils,C,181,73,19,4,0,0,0,0,0,32.0,752.0,992.0,0,240.0,176.0,256.0
228,Jeff,Skinner,,L,200,71,17,4,0,0,0,0,0,96.0,32.0,96.0,0,464.0,128.0,96.0
229,Steven,Stamkos,St. Louis Blues,C,193,73,21,4,0,0,0,0,0,224.0,1184.0,896.0,0,640.0,224.0,224.0
230,Chandler,Stephenson,,C,201,72,21,4,0,0,0,0,0,24.0,2736.0,2736.0,0,360.0,48.0,228.0
231,Jacob,Trouba,Washington Capitals,D,212,75,22,4,0,0,0,0,0,64.0,0.0,0.0,0,592.0,816.0,704.0
232,Sean,Walker,Detroit Red Wings,D,191,71,21,4,0,0,0,0,0,224.0,0.0,0.0,0,832.0,624.0,480.0
233,Mason,Appleton,Pittsburgh Penguins,C,196,74,22,3,0,0,0,0,0,132.0,12.0,24.0,0,156.0,144.0,90.0
234,Morgan,Barron,,C,220,76,14,3,0,0,0,0,0,54.0,792.0,693.0,0,135.0,216.0,90.0
235,Matty,Beniers,,C,181,74,21,3,0,0,0,0,0,54.0,1197.0,1386.0,0,270.0,63.0,189.0
236,Evan,Bouchard,New York Islanders,D,192,75,24,3,0,0,0,0,0,90.0,0.0,0.0,0,594.0,81.0,279.0
237,Mavrik,Bourque,Edmonton Oilers,C,187,71,22,3,0,0,0,0,0,36.0,135.0,180.0,0,297.0,99.0,117.0
238,Zeev,Buium,Ottawa Senators,D,183,72,22,3,0,0,0,0,0,36.0,0.0,0.0,0,234.0,45.0,108.0
239,Michael,Carcone,,L,182,69,20,3,0,0,0,0,0,144.0,0.0,9.0,0,360.0,315.0,45.0
240,Filip,Chytil,New Jersey Devils,C,210,74,6,3,0,0,0,0,0,36.0,216.0,240.0,0,90.0,18.0,36.0
241,J.T.,Compher,Pittsburgh Penguins,L,191,72,22,3,0,0,0,0,0,54.0,1188.0,1143.0,0,234.0,90.0,153.0
242,Noah,Dobson,,D,200,76,21,3,0,0,0,0,0,60.0,0.0,0.0,0,228.0,48.0,258.0
243,Max,Domi,New York Rangers,C,208,70,22,3,0,0,0,0,0,84.0,576.0,498.0,0,216.0,66.0,90.0
244,Jonathan,Drouin,,L,189,71,21,3,0,0,0,0,0,153.0,225.0,261.0,0,234.0,45.0,81.0
245,Anthony,Duclair,,L,198,72,22,3,0,0,0,0,0,36.0,9.0,0.0,0,216.0,9.0,153.0
246,Brandon,Duhaime,Dallas Stars,R,210,74,22,3,0,0,0,0,0,162.0,27.0,126.0,0,108.0,387.0,198.0
247,Vince,Dunn,,D,200,72,21,3,0,0,0,0,0,126.0,0.0,0.0,0,441.0,54.0,171.0
248,Dalibor,Dvorsky,Buffalo Sabres,R,207,73,12,3,0,0,0,0,0,18.0,495.0,477.0,0,135.0,162.0,63.0
249,Simon,Edvinsson,Pittsburgh Penguins,D,222,78,21,3,0,0,0,0,0,240.0,0.0,0.0,0,150.0,150.0,288.0
250,Oliver,Ekman-Larsson,New York Rangers,D,190,74,22,3,0,0,0,0,0,144.0,0.0,0.0,0,288.0,306.0,216.0
251,Jake,Evans,,C,190,72,21,3,0,0,0,0,0,108.0,1359.0,1152.0,0,216.0,243.0,162.0
252,Warren,Foegele,Carolina Hurricanes,L,204,74,17,3,0,0,0,0,0,72.0,27.0,63.0,0,189.0,162.0,54.0
253,Adam,Fox,,D,185,71,23,3,0,0,0,0,0,60.0,0.0,0.0,0,288.0,84.0,234.0
254,Ethen,Frank,Dallas Stars,C,188,71,11,3,0,0,0,0,0,48.0,0.0,0.0,0,102.0,24.0,48.0
255,Vladislav,Gavrikov,,D,210,75,23,3,0,0,0,0,0,144.0,0.0,0.0,0,288.0,63.0,333.0
256,Cody,Glass,Montréal Canadiens,C,201,75,10,3,0,0,0,0,0,54.0,414.0,441.0,0,171.0,27.0,63.0
257,Yanni,Gourde,Los Angeles Kings,C,173,69,21,3,0,0,0,0,0,144.0,792.0,1080.0,0,297.0,279.0,135.0
258,Mikael,Granlund,Washington Capitals,C,193,70,9,3,0,0,0,0,0,24.0,450.0,402.0,0,126.0,18.0,24.0
259,Erik,Haula,St. Louis Blues,L,191,71,21,3,0,0,0,0,0,162.0,1071.0,927.0,0,252.0,279.0,153.0
260,Miro,Heiskanen,Edmonton Oilers,D,197,74,22,3,0,0,0,0,0,36.0,0.0,0.0,0,300.0,24.0,228.0
261,Brett,Howden,,C,201,74,17,3,0,0,0,0,0,72.0,693.0,531.0,0,162.0,261.0,63.0
262,Lane,Hutson,,D,162,69,21,3,0,0,0,0,0,0.0,0.0,0.0,0,306.0,108.0,297.0
263,Boone,Jenner,San Jose Sharks,C,204,74,16,3,0,0,0,0,0,117.0,459.0,360.0,0,288.0,270.0,135.0
264,Seth,Jones,,D,213,76,21,3,0,0,0,0,0,60.0,0.0,0.0,0,216.0,144.0,150.0
265,Evander,Kane,New Jersey Devils,L,218,74,22,3,0,0,0,0,0,204.0,24.0,66.0,0,378.0,252.0,78.0
266,Patrick,Kane,Pittsburgh Penguins,R,176,70,13,3,0,0,0,0,0,36.0,0.0,0.0,0,324.0,36.0,27.0
267,Linus,Karlsson,New Jersey Devils,C,178,73,19,3,0,0,0,0,0,126.0,27.0,90.0,0,252.0,207.0,117.0
268,Marco,Kasper,Pittsburgh Penguins,C,202,73,22,3,0,0,0,0,0,138.0,558.0,612.0,0,216.0,354.0,108.0
269,John,Klingberg,,D,185,74,15,3,0,0,0,0,0,108.0,0.0,0.0,0,216.0,99.0,171.0
270,Jiri,Kulich,,C,193,73,12,3,0,0,0,0,0,36.0,612.0,855.0,0,180.0,81.0,135.0
271,Andrei,Kuzmenko,Carolina Hurricanes,L,194,71,19,3,0,0,0,0,0,18.0,0.0,0.0,0,243.0,135.0,54.0
272,Noah,Laba,,C,214,75,23,3,0,0,0,0,0,90.0,846.0,828.0,0,207.0,144.0,162.0
273,Blake,Lizotte,Toronto Maple Leafs,C,176,69,21,3,0,0,0,0,0,54.0,828.0,837.0,0,243.0,144.0,81.0
274,Eetu,Luostarinen,,C,191,75,18,3,0,0,0,0,0,72.0,72.0,72.0,0,288.0,378.0,189.0
275,Jake,McCabe,New York Rangers,D,210,73,22,3,0,0,0,0,0,189.0,0.0,0.0,0,162.0,270.0,477.0
276,Jared,McCann,,L,191,73,5,3,0,0,0,0,0,0.0,18.0,9.0,0,126.0,63.0,36.0
277,Ryan,McDonagh,Los Angeles Kings,D,216,73,15,3,0,0,0,0,0,0.0,0.0,0.0,0,135.0,72.0,234.0
278,Sonny,Milano,Dallas Stars,L,205,72,11,3,0,0,0,0,0,12.0,18.0,18.0,0,114.0,18.0,12.0
279,Fraser,Minten,Boston Bruins,C,204,74,23,3,0,0,0,0,0,108.0,963.0,891.0,0,270.0,369.0,207.0
280,Jani,Nyman,,R,212,74,14,3,0,0,0,0,0,54.0,18.0,27.0,0,144.0,126.0,27.0
281,Mathieu,Olivier,San Jose Sharks,R,232,73,22,3,0,0,0,0,0,264.0,0.0,0.0,0,174.0,420.0,132.0
282,Noah,Ostlund,,C,180,71,13,3,0,0,0,0,0,12.0,132.0,438.0,0,102.0,6.0,78.0
283,Tanner,Pearson,,L,207,73,19,3,0,0,0,0,0,90.0,27.0,27.0,0,153.0,180.0,117.0
284,Brayden,Point,Los Angeles Kings,C,177,71,21,3,0,0,0,0,0,54.0,945.0,1161.0,0,396.0,27.0,99.0
285,Ivan,Provorov,San Jose Sharks,D,224,73,22,3,0,0,0,0,0,72.0,0.0,0.0,0,396.0,90.0,315.0
286,Rickard,Rakell,Toronto Maple Leafs,R,194,73,9,3,0,0,0,0,0,18.0,9.0,45.0,0,153.0,81.0,117.0
287,Morgan,Rielly,New York Rangers,D,219,73,21,3,0,0,0,0,0,18.0,0.0,0.0,0,378.0,99.0,225.0
288,Isak,Rosen,,R,185,72,10,3,0,0,0,0,0,0.0,6.0,0.0,0,72.0,30.0,54.0
289,Mackie,Samoskevich,,R,180,71,21,3,0,0,0,0,0,54.0,0.0,0.0,0,387.0,306.0,117.0
290,Jake,Sanderson,,D,202,74,21,3,0,0,0,0,0,18.0,0.0,0.0,0,423.0,72.0,333.0
291,Matt,Savoie,New York Islanders,C,179,70,24,3,0,0,0,0,0,0.0,45.0,72.0,0,279.0,36.0,117.0
292,Brayden,Schenn,Buffalo Sabres,C,200,73,22,3,0,0,0,0,0,144.0,1089.0,936.0,0,279.0,414.0,90.0
293,Moritz,Seider,Pittsburgh Penguins,D,210,74,22,3,0,0,0,0,0,144.0,0.0,0.0,0,504.0,378.0,324.0
294,Mikhail,Sergachev,,D,212,75,22,3,0,0,0,0,0,144.0,0.0,0.0,0,396.0,54.0,360.0
295,Max,Shabanov,,R,167,69,10,3,0,0,0,0,0,0.0,0.0,6.0,0,84.0,48.0,12.0
296,Cole,Smith,St. Louis Blues,L,195,75,13,3,0,0,0,0,0,72.0,0.0,36.0,0,162.0,315.0,54.0
297,Reilly,Smith,,R,185,73,21,3,0,0,0,0,0,0.0,0.0,0.0,0,225.0,108.0,45.0
298,Justin,Sourdif,Dallas Stars,R,195,72,22,3,0,0,0,0,0,72.0,450.0,468.0,0,234.0,297.0,90.0
299,Logan,Stanley,,D,231,79,20,3,0,0,0,0,0,252.0,0.0,0.0,0,180.0,261.0,243.0
300,Shea,Theodore,,D,197,74,21,3,0,0,0,0,0,36.0,0.0,0.0,0,441.0,9.0,306.0
301,Robert,Thomas,Buffalo Sabres,C,207,72,18,3,0,0,0,0,0,36.0,1449.0,1314.0,0,234.0,27.0,90.0
302,Jonathan,Toews,,C,201,74,20,3,0,0,0,0,0,90.0,1719.0,1008.0,0,243.0,27.0,162.0
303,Eeli,Tolvanen,,R,182,70,21,3,0,0,0,0,0,54.0,0.0,0.0,0,270.0,513.0,180.0
304,Vincent,Trocheck,,C,187,71,9,3,0,0,0,0,0,36.0,516.0,444.0,0,66.0,210.0,78.0
305,Nathan,Walker,Buffalo Sabres,L,191,69,21,3,0,0,0,0,0,108.0,198.0,153.0,0,234.0,738.0,189.0
306,Jake,Walman,New York Islanders,D,218,73,17,3,0,0,0,0,0,48.0,0.0,0.0,0,138.0,42.0,186.0
307,Olen,Zellweger,Washington Capitals,D,193,70,22,3,0,0,0,0,0,126.0,0.0,0.0,0,414.0,90.0,252.0
308,Kevin,Bahl,Vancouver Canucks,D,230,78,22,2,0,0,0,0,0,64.0,0.0,0.0,0,72.0,80.0,136.0
309,Jonatan,Berggren,Pittsburgh Penguins,R,195,71,13,2,0,0,0,0,0,24.0,0.0,0.0,0,80.0,32.0,20.0
310,Oliver,Bjorkstrand,Los Angeles Kings,R,175,72,21,2,0,0,0,0,0,8.0,16.0,20.0,0,144.0,80.0,56.0
311,Colin,Blackwell,Edmonton Oilers,C,181,68,22,2,0,0,0,0,0,48.0,104.0,200.0,0,56.0,136.0,40.0
312,Jesper,Boqvist,,C,191,73,21,2,0,0,0,0,0,24.0,52.0,88.0,0,76.0,208.0,40.0
313,Philip,Broberg,Buffalo Sabres,D,210,76,22,2,0,0,0,0,0,8.0,0.0,0.0,0,124.0,44.0,128.0
314,Jonas,Brodin,Ottawa Senators,D,196,74,21,2,0,0,0,0,0,16.0,0.0,0.0,0,88.0,24.0,168.0
315,Jonny,Brodzinski,,C,206,72,12,2,0,0,0,0,0,8.0,24.0,16.0,0,44.0,8.0,12.0
316,Pavel,Buchnevich,Buffalo Sabres,L,196,73,22,2,0,0,0,0,0,24.0,16.0,32.0,0,148.0,56.0,48.0
317,Brent,Burns,Calgary Flames,D,228,77,21,2,0,0,0,0,0,48.0,0.0,0.0,0,172.0,16.0,120.0
318,Thomas,Chabot,,D,200,73,18,2,0,0,0,0,0,40.0,0.0,0.0,0,88.0,52.0,148.0
319,Ben,Chiarot,Pittsburgh Penguins,D,222,75,22,2,0,0,0,0,0,96.0,0.0,0.0,0,88.0,196.0,180.0
320,Yegor,Chinakhov,San Jose Sharks,R,203,73,16,2,0,0,0,0,0,8.0,0.0,0.0,0,84.0,44.0,24.0
321,Brandt,Clarke,Carolina Hurricanes,D,200,74,22,2,0,0,0,0,0,40.0,0.0,0.0,0,168.0,52.0,100.0
322,Paul,Cotter,Montréal Canadiens,L,213,74,21,2,0,0,0,0,0,24.0,36.0,28.0,0,84.0,216.0,16.0
323,Sean,Couturier,,C,210,76,19,2,0,0,0,0,0,16.0,324.0,312.0,0,52.0,32.0,28.0
324,Louis,Crevier,Philadelphia Flyers,D,228,80,20,2,0,0,0,0,0,100.0,0.0,0.0,0,92.0,112.0,56.0
325,Colton,Dach,Philadelphia Flyers,C,196,76,21,2,0,0,0,0,0,100.0,56.0,92.0,0,108.0,336.0,52.0
326,Nick,DeSimone,,D,194,74,7,2,0,0,0,0,0,0.0,0.0,0.0,0,44.0,12.0,28.0
327,Ty,Dellandrea,,C,185,74,22,2,0,0,0,0,0,16.0,496.0,512.0,0,96.0,248.0,68.0
328,Brenden,Dillon,Montréal Canadiens,D,225,76,21,2,0,0,0,0,0,52.0,0.0,0.0,0,72.0,220.0,140.0
329,Drew,Doughty,Carolina Hurricanes,D,210,73,19,2,0,0,0,0,0,16.0,0.0,0.0,0,96.0,44.0,120.0
330,Jamie,Drysdale,,D,185,71,20,2,0,0,0,0,0,64.0,0.0,0.0,0,68.0,20.0,116.0
331,Mattias,Ekholm,New York Islanders,D,225,77,24,2,0,0,0,0,0,32.0,0.0,0.0,0,196.0,76.0,192.0
332,Lars,Eller,,C,207,74,21,2,0,0,0,0,0,8.0,472.0,344.0,0,84.0,60.0,72.0
333,Adam,Erne,Edmonton Oilers,L,209,73,14,2,0,0,0,0,0,8.0,8.0,12.0,0,44.0,176.0,32.0
334,Luke,Evangelista,St. Louis Blues,R,183,72,20,2,0,0,0,0,0,24.0,0.0,0.0,0,180.0,20.0,40.0
335,Ryker,Evans,,D,195,72,8,2,0,0,0,0,0,0.0,0.0,0.0,0,36.0,20.0,16.0
336,Trent,Frederic,New York Islanders,C,221,75,24,2,0,0,0,0,0,100.0,96.0,88.0,0,112.0,248.0,36.0
337,Collin,Graf,,R,190,73,21,2,0,0,0,0,0,0.0,12.0,12.0,0,64.0,76.0,72.0
338,Ryan,Greene,Philadelphia Flyers,C,174,73,21,2,0,0,0,0,0,8.0,308.0,416.0,0,64.0,44.0,32.0
339,Ridly,Greig,,C,184,72,19,2,0,0,0,0,0,80.0,280.0,204.0,0,120.0,100.0,80.0
340,Jansen,Harkins,Washington Capitals,C,197,73,12,2,0,0,0,0,0,24.0,172.0,148.0,0,28.0,168.0,32.0
341,Barrett,Hayton,,C,200,73,20,2,0,0,0,0,0,72.0,456.0,448.0,0,116.0,4.0,64.0
342,Drew,Helleson,Washington Capitals,D,208,75,22,2,0,0,0,0,0,24.0,0.0,0.0,0,80.0,104.0,120.0
343,Adam,Henrique,New York Islanders,C,195,72,24,2,0,0,0,0,0,8.0,536.0,408.0,0,148.0,56.0,144.0
344,Vinnie,Hinostroza,Ottawa Senators,C,183,70,22,2,0,0,0,0,0,16.0,44.0,48.0,0,88.0,80.0,28.0
345,Samuel,Honzek,Vancouver Canucks,L,186,76,18,2,0,0,0,0,0,8.0,24.0,20.0,0,88.0,140.0,28.0
346,Isaac,Howard,New York Islanders,L,180,70,17,2,0,0,0,0,0,40.0,0.0,0.0,0,76.0,12.0,4.0
347,Justin,Hryckowian,Edmonton Oilers,C,198,71,21,2,0,0,0,0,0,36.0,128.0,88.0,0,72.0,112.0,44.0
348,Ben,Hutton,,D,209,75,14,2,0,0,0,0,0,20.0,0.0,0.0,0,88.0,28.0,64.0
349,Tanner,Jeannot,Boston Bruins,L,221,74,23,2,0,0,0,0,0,92.0,16.0,20.0,0,124.0,224.0,104.0
350,Kent,Johnson,San Jose Sharks,C,170,72,21,2,0,0,0,0,0,0.0,0.0,4.0,0,160.0,12.0,60.0
351,Mathieu,Joseph,Buffalo Sabres,R,189,73,17,2,0,0,0,0,0,8.0,12.0,20.0,0,72.0,128.0,36.0
352,Dakota,Joshua,New York Rangers,C,218,75,22,2,0,0,0,0,0,56.0,8.0,36.0,0,76.0,276.0,76.0
353,Tye,Kartye,,L,202,71,21,2,0,0,0,0,0,16.0,4.0,16.0,0,52.0,196.0,76.0
354,Adam,Klapka,Vancouver Canucks,R,235,80,22,2,0,0,0,0,0,180.0,12.0,32.0,0,96.0,296.0,76.0
355,Kaedan,Korczak,,D,206,75,21,2,0,0,0,0,0,64.0,0.0,0.0,0,76.0,160.0,120.0
356,Jesperi,Kotkaniemi,Detroit Red Wings,C,212,75,15,2,0,0,0,0,0,0.0,216.0,244.0,0,68.0,104.0,52.0
357,Tyson,Kozak,,C,185,71,15,2,0,0,0,0,0,8.0,352.0,384.0,0,52.0,168.0,48.0
358,Sean,Kuraly,Boston Bruins,C,208,74,23,2,0,0,0,0,0,80.0,456.0,520.0,0,124.0,80.0,72.0
359,Jackson,LaCombe,Washington Capitals,D,208,74,22,2,0,0,0,0,0,16.0,0.0,0.0,0,192.0,72.0,168.0
360,Gabriel,Landeskog,Calgary Flames,L,215,73,21,2,0,0,0,0,0,76.0,72.0,64.0,0,124.0,132.0,36.0
361,Emil,Lilleberg,Los Angeles Kings,D,215,75,21,2,0,0,0,0,0,148.0,0.0,0.0,0,64.0,120.0,72.0
362,Esa,Lindell,Edmonton Oilers,D,217,75,22,2,0,0,0,0,0,24.0,0.0,0.0,0,92.0,52.0,176.0
363,Mason,Lohrei,Boston Bruins,D,218,77,18,2,0,0,0,0,0,16.0,0.0,0.0,0,44.0,32.0,88.0
364,Steven,Lorentz,New York Rangers,C,219,76,16,2,0,0,0,0,0,40.0,104.0,108.0,0,60.0,148.0,44.0
365,Jeff,Malott,Carolina Hurricanes,L,208,77,16,2,0,0,0,0,0,92.0,4.0,0.0,0,52.0,176.0,44.0
366,Mason,Marchment,,L,212,77,20,2,0,0,0,0,0,24.0,24.0,72.0,0,124.0,116.0,32.0
367,Jordan,Martinook,Detroit Red Wings,L,208,73,21,2,0,0,0,0,0,16.0,36.0,36.0,0,120.0,148.0,88.0
368,Connor,McMichael,Dallas Stars,C,180,72,22,2,0,0,0,0,0,32.0,424.0,624.0,0,172.0,40.0,36.0
369,K'Andre,Miller,Detroit Red Wings,D,210,77,15,2,0,0,0,0,0,36.0,0.0,2.0,0,66.0,40.0,30.0
370,Sean,Monahan,San Jose Sharks,C,206,74,22,2,0,0,0,0,0,16.0,900.0,792.0,0,172.0,48.0,24.0
371,Ian,Moore,Washington Capitals,D,205,75,15,2,0,0,0,0,0,48.0,0.0,0.0,0,56.0,24.0,108.0
372,Oliver,Moore,Philadelphia Flyers,C,188,71,9,2,0,0,0,0,0,0.0,16.0,20.0,0,52.0,4.0,16.0
373,Alexander,Nikishin,Detroit Red Wings,D,218,75,20,2,0,0,0,0,0,40.0,0.0,0.0,0,144.0,200.0,116.0
374,Tommy,Novak,Toronto Maple Leafs,C,190,73,21,2,0,0,0,0,0,24.0,80.0,112.0,0,116.0,20.0,40.0
375,Jamie,Oleksiak,,D,252,79,21,2,0,0,0,0,0,32.0,0.0,0.0,0,96.0,120.0,108.0
376,Juuso,Parssinen,,C,207,75,14,2,0,0,0,0,0,8.0,56.0,60.0,0,48.0,80.0,44.0
377,Nick,Perbix,St. Louis Blues,D,206,76,21,2,0,0,0,0,0,24.0,0.0,0.0,0,112.0,44.0,92.0
378,David,Perron,,L,202,72,21,2,0,0,0,0,0,32.0,0.0,12.0,0,96.0,100.0,36.0
379,Noah,Philp,New York Islanders,C,198,75,15,2,0,0,0,0,0,16.0,232.0,176.0,0,48.0,96.0,8.0
380,Owen,Power,,D,226,78,20,2,0,0,0,0,0,16.0,0.0,0.0,0,92.0,36.0,80.0
381,Darren,Raddysh,Los Angeles Kings,D,202,73,15,2,0,0,0,0,0,36.0,0.0,0.0,0,116.0,40.0,44.0
382,Michael,Rasmussen,Pittsburgh Penguins,C,222,78,19,2,0,0,0,0,0,16.0,272.0,188.0,0,64.0,76.0,68.0
383,Ryan,Reaves,,R,225,74,18,2,0,0,0,0,0,76.0,0.0,0.0,0,48.0,260.0,20.0
384,Lukas,Reichel,New Jersey Devils,L,170,72,18,2,0,0,0,0,0,12.0,92.0,142.0,0,30.0,14.0,26.0
385,Calum,Ritchie,,C,200,74,12,2,0,0,0,0,0,32.0,128.0,192.0,0,48.0,8.0,28.0
386,Rasmus,Sandin,Dallas Stars,D,189,71,17,2,0,0,0,0,0,16.0,0.0,0.0,0,80.0,124.0,112.0
387,Axel,Sandin-Pellikka,Pittsburgh Penguins,D,186,72,22,2,0,0,0,0,0,32.0,0.0,0.0,0,104.0,24.0,80.0
388,Travis,Sanheim,,D,222,76,20,2,0,0,0,0,0,32.0,0.0,0.0,0,112.0,64.0,160.0
389,Cole,Schwindt,,C,210,75,10,2,0,0,0,0,0,0.0,108.0,152.0,0,28.0,36.0,28.0
390,Yegor,Sharangovich,Vancouver Canucks,C,196,74,19,2,0,0,0,0,0,8.0,24.0,88.0,0,104.0,16.0,24.0
391,Ryan,Shea,Toronto Maple Leafs,D,200,73,21,2,0,0,0,0,0,64.0,0.0,0.0,0,84.0,28.0,116.0
392,Cole,Sillinger,San Jose Sharks,C,202,72,21,2,0,0,0,0,0,20.0,18.0,38.0,0,70.0,46.0,20.0
393,Sam,Steel,Edmonton Oilers,C,185,72,22,2,0,0,0,0,0,32.0,228.0,160.0,0,96.0,96.0,48.0
394,Mark,Stone,,R,210,75,6,2,0,0,0,0,0,0.0,0.0,2.0,0,38.0,6.0,14.0
395,Vladimir,Tarasenko,Ottawa Senators,R,219,73,18,2,0,0,0,0,0,0.0,0.0,0.0,0,120.0,56.0,48.0
396,David,Tomasek,New York Islanders,R,210,74,17,2,0,0,0,0,0,32.0,108.0,112.0,0,92.0,56.0,40.0
397,Frank,Vatrano,Washington Capitals,R,203,71,22,2,0,0,0,0,0,56.0,16.0,24.0,0,148.0,192.0,68.0
398,Carter,Verhaeghe,,C,183,74,21,2,0,0,0,0,0,24.0,48.0,64.0,0,188.0,72.0,40.0
399,Alex,Vlasic,Philadelphia Flyers,D,217,78,20,2,0,0,0,0,0,20.0,0.0,0.0,0,76.0,48.0,136.0
400,Ryan,Winterton,,C,175,74,21,2,0,0,0,0,0,16.0,0.0,0.0,0,64.0,84.0,48.0
401,Parker,Wotherspoon,Toronto Maple Leafs,D,190,73,21,2,0,0,0,0,0,88.0,0.0,0.0,0,80.0,120.0,120.0
402,Kailer,Yamamoto,,R,178,69,14,2,0,0,0,0,0,16.0,20.0,40.0,0,40.0,24.0,20.0
403,Danila,Yurov,Ottawa Senators,R,178,73,17,2,0,0,0,0,0,0.0,176.0,272.0,0,64.0,44.0,24.0
404,Fabian,Zetterlund,,L,208,71,21,2,0,0,0,0,0,24.0,4.0,16.0,0,120.0,140.0,64.0
405,Artem,Zub,,D,201,75,21,2,0,0,0,0,0,56.0,0.0,0.0,0,100.0,104.0,128.0
406,James,van Riemsdyk,Pittsburgh Penguins,L,210,75,17,2,0,0,0,0,0,24.0,4.0,0.0,0,76.0,4.0,56.0
407,Rodrigo,Abols,,C,206,76,15,1,0,0,0,0,0,5.0,44.0,39.0,0,17.0,15.0,6.0
408,Mikey,Anderson,Carolina Hurricanes,D,195,72,22,1,0,0,0,0,0,2.0,0.0,0.0,0,12.0,26.0,33.0
409,Zakhar,Bardakov,Calgary Flames,C,198,74,16,1,0,0,0,0,0,0.0,33.0,44.0,0,11.0,15.0,4.0
410,Nathan,Bastian,Edmonton Oilers,R,217,76,15,1,0,0,0,0,0,8.0,0.0,0.0,0,9.0,35.0,5.0
411,Jake,Bean,Vancouver Canucks,D,191,73,13,1,0,0,0,0,0,16.0,0.0,0.0,0,15.0,3.0,25.0
412,John,Beecher,Vancouver Canucks,C,220,75,8,1,0,0,0,0,0,2.0,0.0,5.0,0,8.0,8.0,5.0
413,Lian,Bichsel,Edmonton Oilers,D,237,79,22,1,0,0,0,0,0,20.0,0.0,0.0,0,9.0,76.0,22.0
414,Sammy,Blais,New York Rangers,L,206,74,8,1,0,0,0,0,0,4.0,1.0,0.0,0,7.0,28.0,5.0
415,Nick,Blankenburg,St. Louis Blues,D,177,69,11,1,0,0,0,0,0,0.0,0.0,0.0,0,18.0,12.0,9.0
416,Teddy,Blueger,New Jersey Devils,C,185,72,2,1,0,0,0,0,0,0.0,9.0,17.0,0,2.0,3.0,3.0
417,Will,Borgen,,D,199,75,19,1,0,0,0,0,0,8.0,0.0,0.0,0,16.0,26.0,24.0
418,Harrison,Brunicke,Toronto Maple Leafs,D,201,75,9,1,0,0,0,0,0,6.0,0.0,0.0,0,8.0,4.0,13.0
419,Jacob,Bryson,,D,177,69,11,1,0,0,0,0,0,4.0,0.0,0.0,0,2.0,2.0,6.0
420,Oskar,Bäck,Edmonton Oilers,C,207,76,12,1,0,0,0,0,0,0.0,6.0,4.0,0,7.0,7.0,7.0
421,Ethan,Cardwell,,R,180,71,4,1,0,0,0,0,0,2.0,0.0,0.0,0,3.0,4.0,2.0
422,Sam,Carrick,,C,202,72,23,1,0,0,0,0,0,19.0,89.0,83.0,0,24.0,33.0,14.0
423,Alexandre,Carrier,,D,174,71,21,1,0,0,0,0,0,8.0,0.0,0.0,0,16.0,12.0,50.0
424,William,Carrier,Detroit Red Wings,L,214,74,15,1,0,0,0,0,0,2.0,0.0,0.0,0,12.0,32.0,7.0
425,Cody,Ceci,Carolina Hurricanes,D,210,75,22,1,0,0,0,0,0,4.0,0.0,0.0,0,20.0,11.0,25.0
426,Casey,Cizikas,,C,191,71,22,1,0,0,0,0,0,6.0,58.0,73.0,0,13.0,53.0,22.0
427,Sam,Colangelo,Washington Capitals,R,213,74,7,1,0,0,0,0,0,4.0,1.0,1.0,0,3.0,9.0,2.0
428,Ian,Cole,,D,237,73,22,1,0,0,0,0,0,12.0,0.0,0.0,0,19.0,25.0,46.0
429,Andrew,Copp,Pittsburgh Penguins,C,200,73,22,1,0,0,0,0,0,10.0,94.0,78.0,0,26.0,13.0,23.0
430,Easton,Cowan,New York Rangers,R,190,72,14,1,0,0,0,0,0,4.0,1.0,3.0,0,25.0,15.0,8.0
431,Charle-Edouard,D'Astous,Los Angeles Kings,D,211,74,14,1,0,0,0,0,0,13.0,0.0,0.0,0,11.0,17.0,16.0
432,Rasmus,Dahlin,,D,204,75,18,1,0,0,0,0,0,10.0,0.0,0.0,0,45.0,13.0,25.0
433,Nate,Danielson,Pittsburgh Penguins,C,195,74,7,1,0,0,0,0,0,0.0,16.0,36.0,0,11.0,2.0,3.0
434,Tony,DeAngelo,,D,190,72,22,1,0,0,0,0,0,25.0,0.0,0.0,0,41.0,12.0,19.0
435,Dylan,DeMelo,,D,194,73,20,1,0,0,0,0,0,16.0,0.0,0.0,0,15.0,24.0,38.0
436,Jason,Dickinson,Philadelphia Flyers,C,200,74,8,1,0,0,0,0,0,2.0,68.0,58.0,0,10.0,6.0,7.0
437,Sam,Dickinson,,D,200,75,16,1,0,0,0,0,0,6.0,0.0,0.0,0,16.0,12.0,10.0
438,Nic,Dowd,Dallas Stars,C,195,74,19,1,0,0,0,0,0,14.0,125.0,120.0,0,21.0,33.0,13.0
439,Matt,Duchene,Edmonton Oilers,C,211,71,4,1,0,0,0,0,0,0.0,12.0,11.0,0,3.0,2.0,4.0
440,Josh,Dunne,,C,208,76,14,1,0,0,0,0,0,25.0,8.0,17.0,0,11.0,16.0,7.0
441,Joel,Edmundson,Carolina Hurricanes,D,221,77,22,1,0,0,0,0,0,10.0,0.0,0.0,0,31.0,25.0,26.0
442,Adam,Edstrom,,C,232,79,20,1,0,0,0,0,0,2.0,2.0,0.0,0,16.0,39.0,15.0
443,Aaron,Ekblad,,D,220,76,20,1,0,0,0,0,0,12.0,0.0,0.0,0,33.0,23.0,30.0
444,Ty,Emberson,New York Islanders,D,193,72,19,1,0,0,0,0,0,2.0,0.0,0.0,0,15.0,28.0,33.0
445,Dante,Fabbro,San Jose Sharks,D,200,72,22,1,0,0,0,0,0,4.0,0.0,0.0,0,22.0,7.0,52.0
446,Radek,Faksa,Edmonton Oilers,C,216,75,21,1,0,0,0,0,0,6.0,86.0,71.0,0,10.0,31.0,16.0
447,Martin,Fehérváry,Dallas Stars,D,215,74,22,1,0,0,0,0,0,13.0,0.0,0.0,0,27.0,30.0,38.0
448,Mario,Ferraro,,D,200,71,22,1,0,0,0,0,0,4.0,0.0,0.0,0,22.0,39.0,52.0
449,Jack,Finley,Los Angeles Kings,C,227,78,8,1,0,0,0,0,0,4.0,37.0,47.0,0,6.0,15.0,2.0
450,Brendan,Gallagher,,R,185,69,21,1,0,0,0,0,0,10.0,3.0,0.0,0,34.0,22.0,6.0
451,Gage,Goncalves,Los Angeles Kings,C,189,73,21,1,0,0,0,0,0,4.0,3.0,6.0,0,15.0,25.0,15.0
452,Barclay,Goodrow,,C,210,74,22,1,0,0,0,0,0,6.0,5.0,6.0,0,18.0,33.0,16.0
453,Shayne,Gostisbehere,Detroit Red Wings,D,183,71,12,1,0,0,0,0,0,4.0,0.0,0.0,0,20.0,6.0,14.0
454,Ryan,Graves,Toronto Maple Leafs,D,225,77,7,1,0,0,0,0,0,4.0,0.0,0.0,0,9.0,5.0,14.0
455,Nikita,Grebenkin,,R,210,74,12,1,0,0,0,0,0,19.0,2.0,0.0,0,6.0,20.0,3.0
456,Jordan,Greenway,,L,231,78,11,1,0,0,0,0,0,13.0,7.0,5.0,0,11.0,13.0,7.0
457,Matvei,Gridin,Vancouver Canucks,R,182,73,4,1,0,0,0,0,0,0.0,0.0,4.0,0,9.0,1.0,3.0
458,Radko,Gudas,Washington Capitals,D,208,72,11,1,0,0,0,0,0,7.0,0.0,0.0,0,16.0,40.0,21.0
459,Kaiden,Guhle,,D,202,75,5,1,0,0,0,0,0,7.0,0.0,0.0,0,7.0,16.0,5.0
460,Nicolas,Hague,St. Louis Blues,D,245,78,13,1,0,0,0,0,0,6.0,0.0,0.0,0,10.0,20.0,9.0
461,Filip,Hallander,Toronto Maple Leafs,C,203,73,13,1,0,0,0,0,0,2.0,0.0,2.0,0,22.0,3.0,7.0
462,Brian,Halonen,Montréal Canadiens,L,207,72,9,1,0,0,0,0,0,5.0,0.0,0.0,0,4.0,18.0,3.0
463,Noah,Hanifin,,D,206,75,11,1,0,0,0,0,0,2.0,0.0,0.0,0,30.0,7.0,18.0
464,Thomas,Harley,Edmonton Oilers,D,214,75,18,1,0,0,0,0,0,8.0,0.0,0.0,0,21.0,9.0,45.0
465,Jordan,Harris,Boston Bruins,D,189,72,5,1,0,0,0,0,0,0.0,0.0,0.0,0,9.0,4.0,3.0
466,Pontus,Holmberg,Los Angeles Kings,R,201,72,15,1,0,0,0,0,0,10.0,11.0,24.0,0,15.0,18.0,9.0
467,Filip,Hronek,New Jersey Devils,D,190,72,22,1,0,0,0,0,0,8.0,0.0,0.0,0,29.0,45.0,32.0
468,Luke,Hughes,Montréal Canadiens,D,198,74,21,1,0,0,0,0,0,22.0,0.0,0.0,0,47.0,8.0,19.0
469,Quinn,Hughes,New Jersey Devils,D,180,70,17,1,0,0,0,0,0,6.0,0.0,0.0,0,46.0,1.0,19.0
470,Dominic,James,Los Angeles Kings,C,190,72,12,1,0,0,0,0,0,4.0,39.0,46.0,0,13.0,23.0,6.0
471,Mark,Jankowski,Detroit Red Wings,L,200,76,12,1,0,0,0,0,0,6.0,60.0,49.0,0,7.0,4.0,8.0
472,Nick,Jensen,,D,202,72,21,1,0,0,0,0,0,6.0,0.0,0.0,0,15.0,18.0,20.0
473,Ross,Johnston,Washington Capitals,L,232,77,21,1,0,0,0,0,0,46.0,1.0,3.0,0,8.0,57.0,8.0
474,Roman,Josi,St. Louis Blues,D,201,73,9,1,0,0,0,0,0,6.0,0.0,0.0,0,23.0,4.0,18.0
475,Tyson,Jost,St. Louis Blues,C,187,71,16,1,0,0,0,0,0,4.0,9.0,11.0,0,17.0,22.0,10.0
476,Kaapo,Kakko,,R,215,73,7,1,0,0,0,0,0,4.0,0.0,1.0,0,8.0,3.0,2.0
477,Erik,Karlsson,Toronto Maple Leafs,D,185,72,21,1,0,0,0,0,0,6.0,0.0,0.0,0,40.0,0.0,23.0
478,Matthew,Kessel,Buffalo Sabres,D,212,75,13,1,0,0,0,0,0,4.0,0.0,0.0,0,7.0,5.0,5.0
479,Alex,Killorn,Washington Capitals,L,205,73,22,1,0,0,0,0,0,4.0,19.0,26.0,0,36.0,21.0,11.0
480,Luke,Kunin,,C,197,72,16,1,0,0,0,0,0,6.0,51.0,58.0,0,11.0,27.0,21.0
481,Sam,Lafferty,Philadelphia Flyers,C,205,74,9,1,0,0,0,0,0,14.0,3.0,2.0,0,2.0,10.0,1.0
482,Brad,Lambert,,C,173,73,4,1,0,0,0,0,0,2.0,0.0,1.0,0,3.0,3.0,1.0
483,Adam,Larsson,,D,207,75,21,1,0,0,0,0,0,8.0,0.0,0.0,0,17.0,31.0,48.0
484,Curtis,Lazar,New York Islanders,C,203,72,9,1,0,0,0,0,0,2.0,19.0,15.0,0,3.0,19.0,6.0
485,Charles Alexis,Legault,Detroit Red Wings,D,220,76,8,1,0,0,0,0,0,10.0,0.0,0.0,0,10.0,9.0,6.0
486,Jonathan,Lekkerimäki,New Jersey Devils,R,172,71,4,1,0,0,0,0,0,0.0,0.0,0.0,0,3.0,5.0,2.0
487,Kris,Letang,Toronto Maple Leafs,D,199,72,21,1,0,0,0,0,0,8.0,0.0,0.0,0,32.0,25.0,29.0
488,Hampus,Lindholm,Boston Bruins,D,217,76,15,1,0,0,0,0,0,14.0,0.0,0.0,0,21.0,2.0,22.0
489,Adam,Lowry,,C,210,77,8,1,0,0,0,0,0,0.0,49.0,50.0,0,12.0,19.0,9.0
490,Nils,Lundkvist,Edmonton Oilers,D,194,73,4,1,0,0,0,0,0,2.0,0.0,0.0,0,2.0,3.0,5.0
491,Olle,Lycksell,,R,197,71,6,1,0,0,0,0,0,0.0,0.0,0.0,0,6.0,2.0,3.0
492,Mackenzie,MacEachern,New Jersey Devils,L,193,74,7,1,0,0,0,0,0,12.0,1.0,0.0,0,5.0,10.0,6.0
493,Joshua,Mahura,,D,193,72,13,1,0,0,0,0,0,16.0,0.0,0.0,0,9.0,13.0,21.0
494,Beck,Malenstyn,,L,209,75,20,1,0,0,0,0,0,2.0,0.0,2.0,0,24.0,68.0,27.0
495,Sam,Malinski,Calgary Flames,D,190,71,21,1,0,0,0,0,0,2.0,0.0,0.0,0,36.0,7.0,24.0
496,Josh,Manson,Calgary Flames,D,218,75,21,1,0,0,0,0,0,26.0,0.0,0.0,0,25.0,49.0,29.0
497,John,Marino,,D,200,73,22,1,0,0,0,0,0,4.0,0.0,0.0,0,25.0,5.0,20.0
498,Jack,McBain,,C,219,76,22,1,0,0,0,0,0,28.0,109.0,104.0,0,30.0,56.0,19.0
499,Michael,McCarron,St. Louis Blues,R,232,78,21,1,0,0,0,0,0,18.0,155.0,135.0,0,24.0,54.0,18.0
500,Dakota,Mermis,New York Rangers,D,197,72,7,1,0,0,0,0,0,7.0,0.0,0.0,0,4.0,6.0,2.0
501,Michael,Misa,,C,185,73,7,1,0,0,0,0,0,2.0,20.0,18.0,0,13.0,2.0,6.0
502,J.J.,Moser,Los Angeles Kings,D,183,74,19,1,0,0,0,0,0,10.0,0.0,0.0,0,25.0,17.0,25.0
503,Tyler,Myers,New Jersey Devils,D,229,80,22,1,0,0,0,0,0,16.0,0.0,0.0,0,26.0,28.0,47.0
504,Bradly,Nadeau,Detroit Red Wings,L,180,71,6,1,0,0,0,0,0,0.0,0.0,1.0,0,4.0,4.0,4.0
505,Nikita,Nesterenko,Washington Capitals,C,203,74,20,1,0,0,0,0,0,6.0,9.0,17.0,0,18.0,39.0,5.0
506,Stefan,Noesen,Montréal Canadiens,R,205,73,15,1,0,0,0,0,0,6.0,7.0,7.0,0,18.0,17.0,9.0
507,Liam,O'Brien,,C,215,73,8,1,0,0,0,0,0,12.0,0.0,0.0,0,12.0,15.0,6.0
508,Ondrej,Palat,Montréal Canadiens,L,194,72,21,1,0,0,0,0,0,2.0,1.0,3.0,0,23.0,37.0,23.0
509,Nick,Paul,Los Angeles Kings,L,234,76,2,1,0,0,0,0,0,0.0,13.0,11.0,0,4.0,5.0,0.0
510,Cole,Perfetti,,C,185,71,6,1,0,0,0,0,0,2.0,0.0,1.0,0,12.0,3.0,4.0
511,Alexander,Petrovic,Edmonton Oilers,D,215,77,20,1,0,0,0,0,0,21.0,0.0,0.0,0,23.0,33.0,28.0
512,Marcus,Pettersson,New Jersey Devils,D,174,77,22,1,0,0,0,0,0,25.0,0.0,0.0,0,15.0,12.0,38.0
513,Neal,Pionk,,D,190,72,20,1,0,0,0,0,0,10.0,0.0,0.0,0,43.0,41.0,36.0
514,Ryan,Poehling,Washington Capitals,C,206,74,16,1,0,0,0,0,0,4.0,80.0,98.0,0,11.0,7.0,14.0
515,Aatu,Raty,New Jersey Devils,C,204,74,20,1,0,0,0,0,0,10.0,137.0,109.0,0,15.0,48.0,9.0
516,Mike,Reilly,Detroit Red Wings,D,191,74,18,1,0,0,0,0,0,6.0,0.0,0.0,0,31.0,8.0,22.0
517,Cole,Reinhardt,,L,207,73,15,1,0,0,0,0,0,6.0,2.0,3.0,0,7.0,27.0,1.0
518,Matt,Rempe,,C,261,81,9,1,0,0,0,0,0,7.0,2.0,3.0,0,8.0,30.0,3.0
519,Sam,Rinzel,Philadelphia Flyers,D,194,76,20,1,0,0,0,0,0,22.0,0.0,0.0,0,29.0,18.0,26.0
520,Matthew,Robertson,,D,210,76,14,1,0,0,0,0,0,6.0,0.0,0.0,0,10.0,23.0,17.0
521,Matt,Roy,Dallas Stars,D,220,74,22,1,0,0,0,0,0,4.0,0.0,0.0,0,31.0,25.0,46.0
522,Nicolas,Roy,New York Rangers,C,200,76,19,1,0,0,0,0,0,4.0,126.0,115.0,0,21.0,19.0,12.0
523,Brandon,Saad,,L,207,73,21,1,0,0,0,0,0,6.0,6.0,14.0,0,33.0,2.0,11.0
524,Scott,Sabourin,Los Angeles Kings,R,205,75,3,1,0,0,0,0,0,18.0,0.0,1.0,0,5.0,6.0,1.0
525,Nate,Schmidt,,D,197,72,22,1,0,0,0,0,0,2.0,0.0,0.0,0,32.0,24.0,17.0
526,Braden,Schneider,,D,206,75,23,1,0,0,0,0,0,6.0,0.0,0.0,0,27.0,54.0,38.0
527,Damon,Severson,San Jose Sharks,D,204,74,22,1,0,0,0,0,0,10.0,0.0,0.0,0,25.0,24.0,24.0
528,Landon,Slaggert,Philadelphia Flyers,L,180,72,9,1,0,0,0,0,0,12.0,0.0,0.0,0,5.0,16.0,5.0
529,Elmer,Soderblom,Pittsburgh Penguins,L,252,80,11,1,0,0,0,0,0,2.0,1.0,0.0,0,11.0,22.0,3.0
530,Carson,Soucy,,D,211,76,19,1,0,0,0,0,0,6.0,0.0,0.0,0,15.0,32.0,22.0
531,Jordan,Spence,,D,188,71,12,1,0,0,0,0,0,4.0,0.0,0.0,0,17.0,10.0,5.0
532,Jared,Spurgeon,Ottawa Senators,D,166,69,22,1,0,0,0,0,0,4.0,0.0,0.0,0,23.0,33.0,38.0
533,Spencer,Stastney,St. Louis Blues,D,184,72,21,1,0,0,0,0,0,4.0,0.0,0.0,0,19.0,3.0,19.0
534,Alex,Steeves,Boston Bruins,C,199,72,7,1,0,0,0,0,0,7.0,0.0,2.0,0,10.0,24.0,12.0
535,Kevin,Stenlund,,C,213,75,22,1,0,0,0,0,0,6.0,178.0,177.0,0,20.0,15.0,20.0
536,Ryan,Strome,Washington Capitals,C,192,73,6,1,0,0,0,0,0,2.0,28.0,46.0,0,10.0,2.0,3.0
537,Alexey,Toropchenko,Buffalo Sabres,R,225,78,15,1,0,0,0,0,0,0.0,0.0,0.0,0,10.0,35.0,11.0
538,Yakov,Trenin,Ottawa Senators,C,201,74,22,1,0,0,0,0,0,10.0,16.0,33.0,0,25.0,99.0,16.0
539,Maxim,Tsyplakov,,R,203,75,13,1,0,0,0,0,0,0.0,0.0,3.0,0,11.0,22.0,0.0
540,Tyler,Tucker,Buffalo Sabres,D,204,73,21,1,0,0,0,0,0,32.0,0.0,0.0,0,17.0,26.0,18.0
541,Riley,Tufte,Boston Bruins,L,233,78,2,1,0,0,0,0,0,0.0,0.0,0.0,0,4.0,6.0,0.0
542,Joe,Veleno,,C,201,73,16,1,0,0,0,0,0,13.0,38.0,38.0,0,15.0,30.0,13.0
543,Ozzy,Wiesblatt,St. Louis Blues,R,183,70,18,1,0,0,0,0,0,17.0,0.0,4.0,0,14.0,46.0,10.0
544,Cam,York,,D,194,72,17,1,0,0,0,0,0,6.0,0.0,0.0,0,11.0,1.0,35.0
545,Nikita,Zadorov,Boston Bruins,D,255,79,23,1,0,0,0,0,0,44.0,0.0,0.0,0,30.0,73.0,34.0
546,Connor,Zary,Vancouver Canucks,C,178,72,21,1,0,0,0,0,0,10.0,32.0,51.0,0,28.0,14.0,9.0
547,Mats,Zuccarello,Ottawa Senators,R,181,68,7,1,0,0,0,0,0,2.0,3.0,4.0,0,10.0,2.0,3.0
548,Trevor,van Riemsdyk,Dallas Stars,D,210,75,17,1,0,0,0,0,0,10.0,0.0,0.0,0,10.0,3.0,20.0
549,Noel,Acciari,Toronto Maple Leafs,C,204,71,13,0,0,0,0,0,0,12.0,55.0,36.0,0,11.0,18.0,14.0
550,Andrew,Agozzino,,L,187,70,2,0,0,0,0,0,0,0.0,3.0,4.0,0,0.0,4.0,1.0
551,Jack,Ahcan,Calgary Flames,D,180,68,6,0,0,0,0,0,0,0.0,0.0,0.0,0,2.0,5.0,4.0
552,Nils,Aman,New Jersey Devils,C,179,74,2,0,0,0,0,0,0,0.0,1.0,1.0,0,1.0,2.0,1.0
553,Emil,Andrae,,D,189,69,10,0,0,0,0,0,0,4.0,0.0,0.0,0,10.0,11.0,6.0
554,Jonathan,Aspirot,Boston Bruins,D,212,72,10,0,0,0,0,0,0,2.0,0.0,0.0,0,6.0,22.0,17.0
555,Zachary,Aston-Reese,San Jose Sharks,L,203,73,13,0,0,0,0,0,0,4.0,2.0,12.0,0,11.0,34.0,5.0
556,Arshdeep,Bains,New Jersey Devils,L,184,72,18,0,0,0,0,0,0,8.0,2.0,9.0,0,13.0,17.0,5.0
557,Uvis,Balinskis,,D,196,72,12,0,0,0,0,0,0,6.0,0.0,0.0,0,7.0,17.0,9.0
558,Aleksander,Barkov,Florida Panthers,C,214,75,0,0,0,0,0,0,0,,,,0,,,
559,Justin,Barron,St. Louis Blues,D,198,74,19,0,0,0,0,0,0,6.0,0.0,0.0,0,15.0,13.0,22.0
560,Ethan,Bear,New York Islanders,D,219,71,0,0,0,0,0,0,0,,,,0,,,
561,Owen,Beck,,C,199,72,2,0,0,0,0,0,0,0.0,7.0,5.0,0,1.0,0.0,1.0
562,Jamie,Benn,Edmonton Oilers,L,210,75,3,0,0,0,0,0,0,2.0,7.0,8.0,0,4.0,8.0,0.0
563,Simon,Benoit,New York Rangers,D,210,76,21,0,0,0,0,0,0,17.0,0.0,0.0,0,16.0,49.0,34.0
564,Zach,Benson,,L,177,70,8,0,0,0,0,0,0,6.0,2.0,1.0,0,16.0,4.0,7.0
565,Jacob,Bernard-Docker,Pittsburgh Penguins,D,196,73,11,0,0,0,0,0,0,2.0,0.0,0.0,0,11.0,10.0,6.0
566,Tobias,Bjornfot,Florida Panthers,D,200,72,0,0,0,0,0,0,0,,,,0,,,
567,Matěj ,Blümel,Boston Bruins,R,202,72,3,0,0,0,0,0,0,0.0,0.0,1.0,0,4.0,2.0,2.0
568,Zach,Bogosian,Ottawa Senators,D,231,75,6,0,0,0,0,0,0,0.0,0.0,0.0,0,5.0,7.0,9.0
569,Adam,Boqvist,,D,195,72,8,0,0,0,0,0,0,2.0,0.0,0.0,0,2.0,3.0,6.0
570,Michael,Brandsegg-Nygård,Pittsburgh Penguins,R,204,73,9,0,0,0,0,0,0,2.0,0.0,0.0,0,14.0,28.0,6.0
571,Michael,Callahan,Boston Bruins,D,195,74,3,0,0,0,0,0,0,0.0,0.0,0.0,0,2.0,3.0,6.0
572,Kyle,Capobianco,Edmonton Oilers,D,194,75,7,0,0,0,0,0,0,2.0,0.0,0.0,0,3.0,3.0,3.0
573,Declan,Carlile,Los Angeles Kings,D,190,75,3,0,0,0,0,0,0,0.0,0.0,0.0,0,0.0,2.0,4.0
574,Brandon,Carlo,New York Rangers,D,227,77,18,0,0,0,0,0,0,6.0,0.0,0.0,0,23.0,12.0,34.0
575,Seamus,Casey,Montréal Canadiens,D,162,70,2,0,0,0,0,0,0,0.0,0.0,0.0,0,4.0,0.0,1.0
576,Berkly,Catton,,C,179,70,16,0,0,0,0,0,0,2.0,10.0,13.0,0,11.0,1.0,12.0
577,Erik,Cernak,Los Angeles Kings,D,230,76,19,0,0,0,0,0,0,21.0,0.0,0.0,0,13.0,40.0,43.0
578,Mitchell,Chaffee,Los Angeles Kings,R,197,73,7,0,0,0,0,0,0,4.0,1.0,2.0,0,8.0,19.0,2.0
579,Jalen,Chatfield,Detroit Red Wings,D,209,73,14,0,0,0,0,0,0,8.0,0.0,0.0,0,22.0,11.0,14.0
580,Nikita,Chibrikov,,R,170,70,8,0,0,0,0,0,0,12.0,0.0,0.0,0,5.0,10.0,5.0
581,Declan,Chisholm,Dallas Stars,D,205,73,9,0,0,0,0,0,0,2.0,0.0,0.0,0,7.0,3.0,7.0
582,Jaroslav,Chmelar,,R,226,76,2,0,0,0,0,0,0,5.0,0.0,0.0,0,1.0,5.0,0.0
583,Dennis,Cholowski,Montréal Canadiens,D,210,74,10,0,0,0,0,0,0,0.0,0.0,0.0,0,6.0,1.0,11.0
584,Jake,Christiansen,San Jose Sharks,D,199,72,18,0,0,0,0,0,0,2.0,0.0,0.0,0,16.0,13.0,7.0
585,Connor,Clattenburg,New York Islanders,C,215,74,1,0,0,0,0,0,0,2.0,0.0,0.0,0,2.0,1.0,2.0
586,Connor,Clifton,Toronto Maple Leafs,D,196,72,8,0,0,0,0,0,0,4.0,0.0,0.0,0,6.0,36.0,19.0
587,Braeden,Cootes,New Jersey Devils,C,183,71,3,0,0,0,0,0,0,0.0,5.0,8.0,0,0.0,3.0,1.0
588,Max,Crozier,Los Angeles Kings,D,204,75,8,0,0,0,0,0,0,2.0,0.0,0.0,0,14.0,10.0,5.0
589,Evgenii,Dadonov,Montréal Canadiens,L,188,71,4,0,0,0,0,0,0,0.0,0.0,0.0,0,5.0,1.0,3.0
590,Phillip,Danault,Carolina Hurricanes,C,200,73,22,0,0,0,0,0,0,6.0,166.0,146.0,0,35.0,18.0,10.0
591,Justin,Danforth,,R,193,68,4,0,0,0,0,0,0,2.0,17.0,14.0,0,2.0,3.0,4.0
592,Jared,Davidson,,C,183,71,4,0,0,0,0,0,0,2.0,0.0,1.0,0,6.0,9.0,0.0
593,Luca,Del Bel Belluz,San Jose Sharks,C,185,73,7,0,0,0,0,0,0,2.0,10.0,24.0,0,6.0,1.0,5.0
594,Ethan,Del Mastro,Philadelphia Flyers,D,210,76,1,0,0,0,0,0,0,0.0,0.0,0.0,0,1.0,6.0,2.0
595,Vincent,Desharnais,,D,225,79,18,0,0,0,0,0,0,20.0,0.0,0.0,0,11.0,23.0,29.0
596,Nicolas,Deslauriers,,L,218,73,10,0,0,0,0,0,0,10.0,1.0,0.0,0,4.0,35.0,1.0
597,Jack,Devine,,R,173,71,2,0,0,0,0,0,0,0.0,0.0,0.0,0,4.0,2.0,0.0
598,Curtis,Douglas,Los Angeles Kings,C,242,81,15,0,0,0,0,0,0,46.0,1.0,1.0,0,7.0,18.0,6.0
599,Pierre-Luc,Dubois,Dallas Stars,L,220,76,6,0,0,0,0,0,0,2.0,33.0,45.0,0,9.0,6.0,4.0
600,Mathew,Dumba,Toronto Maple Leafs,D,191,72,7,0,0,0,0,0,0,11.0,0.0,0.0,0,4.0,13.0,6.0
601,Brian,Dumoulin,Carolina Hurricanes,D,214,76,22,0,0,0,0,0,0,4.0,0.0,0.0,0,21.0,15.0,32.0
602,Sean,Durzi,,D,196,73,2,0,0,0,0,0,0,4.0,0.0,0.0,0,2.0,3.0,4.0
603,Ethan,Edwards,New Jersey Devils,D,176,70,0,0,0,0,0,0,0,,,,0,,,
604,Domenick,Fensore,Detroit Red Wings,D,175,69,1,0,0,0,0,0,0,0.0,0.0,0.0,0,2.0,1.0,3.0
605,Oscar,Fisker Molgaard,,C,168,72,2,0,0,0,0,0,0,0.0,5.0,2.0,0,1.0,1.0,0.0
606,Cale,Fleury,,D,204,73,4,0,0,0,0,0,0,5.0,0.0,0.0,0,3.0,6.0,2.0
607,Haydn,Fleury,,D,207,76,15,0,0,0,0,0,0,6.0,0.0,0.0,0,11.0,22.0,26.0
608,Marcus,Foligno,Ottawa Senators,L,226,75,21,0,0,0,0,0,0,25.0,1.0,3.0,0,17.0,72.0,31.0
609,Nick,Foligno,Philadelphia Flyers,L,210,72,15,0,0,0,0,0,0,16.0,85.0,79.0,0,16.0,41.0,12.0
610,Derek,Forbort,New Jersey Devils,D,216,76,2,0,0,0,0,0,0,2.0,0.0,0.0,0,1.0,2.0,4.0
611,Parker,Ford,,C,181,69,11,0,0,0,0,0,0,4.0,29.0,36.0,0,7.0,20.0,12.0
612,Gustav,Forsling,,D,199,73,21,0,0,0,0,0,0,6.0,0.0,0.0,0,28.0,18.0,26.0
613,Cam,Fowler,Buffalo Sabres,D,213,74,22,0,0,0,0,0,0,4.0,0.0,0.0,0,32.0,2.0,23.0
614,Jonah,Gadjovich,,L,211,75,10,0,0,0,0,0,0,7.0,0.0,0.0,0,8.0,30.0,4.0
615,Marc,Gatcomb,,C,200,74,1,0,0,0,0,0,0,0.0,0.0,0.0,0,1.0,7.0,0.0
616,Jacob,Gaucher,,C,185,75,3,0,0,0,0,0,0,0.0,9.0,10.0,0,3.0,2.0,1.0
617,Frederick,Gaudreau,,C,184,72,8,0,0,0,0,0,0,2.0,38.0,68.0,0,7.0,3.0,6.0
618,Brendan,Gaunce,San Jose Sharks,C,222,74,1,0,0,0,0,0,0,2.0,5.0,2.0,0,0.0,0.0,2.0
619,Conor,Geekie,Los Angeles Kings,C,212,76,6,0,0,0,0,0,0,4.0,8.0,13.0,0,5.0,15.0,5.0
620,Mason,Geertsen,,L,231,76,5,0,0,0,0,0,0,12.0,0.0,0.0,0,1.0,8.0,0.0
621,Patrick,Giles,,R,218,77,3,0,0,0,0,0,0,0.0,9.0,6.0,0,2.0,3.0,3.0
622,Adam,Ginning,,D,196,75,5,0,0,0,0,0,0,0.0,0.0,0.0,0,2.0,4.0,5.0
623,Samuel,Girard,Calgary Flames,D,170,70,6,0,0,0,0,0,0,2.0,0.0,0.0,0,4.0,4.0,6.0
624,Luke,Glendening,Montréal Canadiens,C,190,71,21,0,0,0,0,0,0,2.0,133.0,112.0,0,14.0,26.0,17.0
625,Noah,Gregor,,L,201,72,8,0,0,0,0,0,0,2.0,4.0,6.0,0,10.0,10.0,1.0
626,Carl,Grundstrom,,R,200,72,1,0,0,0,0,0,0,0.0,0.0,0.0,0,0.0,2.0,1.0
627,Matt,Grzelcyk,Philadelphia Flyers,D,180,70,21,0,0,0,0,0,0,12.0,0.0,0.0,0,29.0,9.0,18.0
628,Erik,Gudbranson,San Jose Sharks,D,222,77,4,0,0,0,0,0,0,6.0,0.0,0.0,0,3.0,5.0,1.0
629,Hunter,Haight,Ottawa Senators,C,173,70,2,0,0,0,0,0,0,0.0,7.0,9.0,0,0.0,2.0,0.0
630,Stephen,Halliday,,C,214,76,2,0,0,0,0,0,0,0.0,2.0,2.0,0,1.0,0.0,1.0
631,Travis,Hamonic,Pittsburgh Penguins,D,193,73,13,0,0,0,0,0,0,16.0,0.0,0.0,0,13.0,13.0,15.0
632,Joel,Hanley,Vancouver Canucks,D,186,71,20,0,0,0,0,0,0,13.0,0.0,0.0,0,14.0,15.0,30.0
633,Garnet,Hathaway,,R,212,74,20,0,0,0,0,0,0,19.0,4.0,1.0,0,9.0,72.0,18.0
634,John,Hayden,,C,223,75,3,0,0,0,0,0,0,2.0,6.0,9.0,0,2.0,7.0,2.0
635,Kevin,Hayes,Toronto Maple Leafs,R,217,75,6,0,0,0,0,0,0,0.0,9.0,17.0,0,8.0,7.0,2.0
636,Victor,Hedman,Los Angeles Kings,D,244,79,15,0,0,0,0,0,0,4.0,0.0,0.0,0,23.0,7.0,28.0
637,Danton,Heinen,Toronto Maple Leafs,L,187,74,6,0,0,0,0,0,0,2.0,2.0,3.0,0,8.0,6.0,8.0
638,Samuel,Helenius,Carolina Hurricanes,C,201,78,2,0,0,0,0,0,0,0.0,3.0,8.0,0,2.0,9.0,1.0
639,Hayden,Hodgson,,R,226,74,5,0,0,0,0,0,0,7.0,0.0,0.0,0,0.0,16.0,1.0
640,Nils,Hoglander,Vancouver Canucks,L,185,69,0,0,0,0,0,0,0,,,,0,,,
641,Alexander,Holtz,,R,198,72,7,0,0,0,0,0,0,6.0,0.0,2.0,0,12.0,2.0,5.0
642,Daemon,Hunt,Ottawa Senators,D,193,73,7,0,0,0,0,0,0,0.0,0.0,0.0,0,1.0,6.0,12.0
643,Dryden,Hunt,Calgary Flames,L,193,72,0,0,0,0,0,0,0,,,,0,,,
644,Zach,Hyman,New York Islanders,L,206,73,5,0,0,0,0,0,0,2.0,0.0,1.0,0,11.0,20.0,4.0
645,Vincent,Iorio,,D,220,76,6,0,0,0,0,0,0,4.0,0.0,0.0,0,3.0,3.0,6.0
646,Mattias,Janmark,New York Islanders,C,205,74,8,0,0,0,0,0,0,6.0,2.0,1.0,0,6.0,3.0,1.0
647,David,Jiricek,Ottawa Senators,D,204,76,12,0,0,0,0,0,0,8.0,0.0,0.0,0,9.0,4.0,6.0
648,Albert,Johansson,Pittsburgh Penguins,D,195,72,22,0,0,0,0,0,0,4.0,0.0,0.0,0,20.0,20.0,28.0
649,Ryan,Johnson,,D,195,73,3,0,0,0,0,0,0,2.0,0.0,0.0,0,0.0,2.0,3.0
650,Henri,Jokiharju,Boston Bruins,D,205,72,22,0,0,0,0,0,0,6.0,0.0,0.0,0,18.0,12.0,19.0
651,Ben,Jones,Ottawa Senators,C,187,72,10,0,0,0,0,0,0,0.0,43.0,27.0,0,7.0,22.0,6.0
652,Caleb,Jones,Toronto Maple Leafs,D,184,73,7,0,0,0,0,0,0,0.0,0.0,0.0,0,5.0,10.0,15.0
653,P.O,Joseph,New Jersey Devils,D,185,74,9,0,0,0,0,0,0,2.0,0.0,0.0,0,9.0,3.0,7.0
654,Noah,Juulsen,,D,201,74,19,0,0,0,0,0,0,4.0,0.0,0.0,0,11.0,36.0,12.0
655,Wyatt,Kaiser,Philadelphia Flyers,D,190,72,21,0,0,0,0,0,0,14.0,0.0,0.0,0,16.0,16.0,17.0
656,Arthur,Kaliyev,,R,212,74,2,0,0,0,0,0,0,0.0,0.0,0.0,0,4.0,0.0,0.0
657,David,Kampf,New Jersey Devils,C,198,74,2,0,0,0,0,0,0,0.0,17.0,13.0,0,2.0,2.0,1.0
658,Kasperi,Kapanen,New York Islanders,R,194,73,6,0,0,0,0,0,0,0.0,0.0,1.0,0,4.0,16.0,4.0
659,Boris,Katchouk,Los Angeles Kings,L,212,74,3,0,0,0,0,0,0,0.0,7.0,12.0,0,0.0,5.0,2.0
660,Joakim,Kemell,St. Louis Blues,R,182,71,2,0,0,0,0,0,0,0.0,0.0,1.0,0,1.0,4.0,1.0
661,Alexander,Kerfoot,Utah Mammoth,C,185,71,0,0,0,0,0,0,0,,,,0,,,
662,Rory,Kerins,Vancouver Canucks,C,175,70,2,0,0,0,0,0,0,0.0,0.0,3.0,0,1.0,1.0,3.0
663,Michael,Kesselring,,D,215,77,9,0,0,0,0,0,0,2.0,0.0,0.0,0,10.0,7.0,9.0
664,Justin,Kirkland,Vancouver Canucks,C,183,75,9,0,0,0,0,0,0,0.0,36.0,30.0,0,5.0,13.0,4.0
665,Joel,Kiviranta,Calgary Flames,L,185,71,5,0,0,0,0,0,0,0.0,2.0,0.0,0,3.0,9.0,3.0
666,Tyler,Kleven,,D,225,77,19,0,0,0,0,0,0,9.0,0.0,0.0,0,23.0,25.0,33.0
667,Cole,Koepke,,L,207,73,15,0,0,0,0,0,0,12.0,0.0,0.0,0,14.0,45.0,4.0
668,Ville,Koivunen,Toronto Maple Leafs,R,184,72,11,0,0,0,0,0,0,0.0,0.0,0.0,0,13.0,1.0,9.0
669,Keegan,Kolesar,,R,216,74,21,0,0,0,0,0,0,14.0,3.0,7.0,0,17.0,55.0,18.0
670,Vladislav,Kolyachonok,Edmonton Oilers,D,198,74,3,0,0,0,0,0,0,0.0,0.0,0.0,0,4.0,0.0,1.0
671,Joona,Koppanen,Toronto Maple Leafs,L,216,77,7,0,0,0,0,0,0,2.0,10.0,11.0,0,3.0,6.0,3.0
672,Peyton,Krebs,,C,188,72,21,0,0,0,0,0,0,34.0,69.0,90.0,0,21.0,49.0,16.0
673,Brett,Kulak,New York Islanders,D,192,74,24,0,0,0,0,0,0,6.0,0.0,0.0,0,27.0,3.0,26.0
674,Dmitry,Kulikov,,D,212,73,2,0,0,0,0,0,0,0.0,0.0,0.0,0,1.0,1.0,0.0
675,Yan,Kuznetsov,Vancouver Canucks,D,209,76,9,0,0,0,0,0,0,0.0,0.0,0.0,0,10.0,12.0,11.0
676,Joseph,LaBate,New Jersey Devils,C,225,77,1,0,0,0,0,0,0,0.0,1.0,1.0,0,2.0,6.0,2.0
677,Shane,Lachance,Montréal Canadiens,L,195,76,1,0,0,0,0,0,0,0.0,1.0,0.0,0,0.0,1.0,0.0
678,Patrik,Laine,,R,208,76,5,0,0,0,0,0,0,2.0,2.0,1.0,0,6.0,2.0,0.0
679,Juho,Lammikko,Montréal Canadiens,C,191,74,10,0,0,0,0,0,0,0.0,36.0,35.0,0,8.0,15.0,8.0
680,Hendrix,Lapierre,Dallas Stars,C,195,72,21,0,0,0,0,0,0,4.0,30.0,49.0,0,20.0,18.0,5.0
681,Scott,Laughton,New York Rangers,C,190,73,4,0,0,0,0,0,0,2.0,30.0,15.0,0,6.0,11.0,2.0
682,Jeremy,Lauzon,,D,225,75,17,0,0,0,0,0,0,28.0,0.0,0.0,0,15.0,57.0,26.0
683,Nick,Leddy,,D,205,72,9,0,0,0,0,0,0,4.0,0.0,0.0,0,3.0,2.0,15.0
684,Artyom,Levshunov,Philadelphia Flyers,D,208,74,20,0,0,0,0,0,0,12.0,0.0,0.0,0,22.0,22.0,18.0
685,Timothy,Liljegren,,D,200,73,16,0,0,0,0,0,0,10.0,0.0,0.0,0,10.0,17.0,36.0
686,Ryan,Lindgren,,D,194,72,21,0,0,0,0,0,0,31.0,0.0,0.0,0,14.0,8.0,35.0
687,Ryan,Lomberg,Vancouver Canucks,L,184,69,21,0,0,0,0,0,0,22.0,2.0,5.0,0,19.0,72.0,7.0
688,Jett,Luchanko,,C,180,71,4,0,0,0,0,0,0,2.0,11.0,10.0,0,1.0,2.0,3.0
689,Isac,Lundeström,San Jose Sharks,C,192,73,21,0,0,0,0,0,0,4.0,72.0,61.0,0,11.0,9.0,10.0
690,Ilya,Lyubushkin,Edmonton Oilers,D,206,74,17,0,0,0,0,0,0,17.0,0.0,0.0,0,9.0,22.0,33.0
691,Nathan,Légaré,Montréal Canadiens,R,200,72,1,0,0,0,0,0,0,0.0,0.0,1.0,0,0.0,2.0,1.0
692,Kurtis,MacDermid,,L,233,77,8,0,0,0,0,0,0,16.0,0.0,0.0,0,2.0,8.0,4.0
693,Zack,MacEwen,Montréal Canadiens,R,226,76,3,0,0,0,0,0,0,0.0,0.0,2.0,0,4.0,6.0,1.0
694,Kyle,MacLean,,C,190,73,10,0,0,0,0,0,0,19.0,11.0,5.0,0,7.0,16.0,2.0
695,Logan,Mailloux,Buffalo Sabres,D,212,75,9,0,0,0,0,0,0,4.0,0.0,0.0,0,5.0,13.0,6.0
696,Taylor,Makar,Calgary Flames,L,190,75,3,0,0,0,0,0,0,0.0,0.0,0.0,0,3.0,6.0,1.0
697,Victor,Mancini,New Jersey Devils,D,229,75,5,0,0,0,0,0,0,5.0,0.0,0.0,0,3.0,6.0,5.0
698,Brady,Martin,St. Louis Blues,C,185,72,3,0,0,0,0,0,0,0.0,5.0,11.0,0,2.0,0.0,2.0
699,Nikolas,Matinpalo,,D,213,75,12,0,0,0,0,0,0,4.0,0.0,0.0,0,8.0,12.0,15.0
700,Scott,Mayfield,,D,215,76,20,0,0,0,0,0,0,47.0,0.0,0.0,0,15.0,15.0,28.0
701,Dysin,Mayo,San Jose Sharks,D,190,72,1,0,0,0,0,0,0,0.0,0.0,0.0,0,3.0,0.0,0.0
702,Charlie,McAvoy,Boston Bruins,D,211,73,19,0,0,0,0,0,0,26.0,0.0,0.0,0,25.0,26.0,32.0
703,Dylan,McIlrath,Dallas Stars,D,240,77,2,0,0,0,0,0,0,0.0,0.0,0.0,0,1.0,5.0,1.0
704,Marc,McLaughlin,New Jersey Devils,C,202,72,0,0,0,0,0,0,0,,,,0,,,
705,Brayden,McNabb,,D,215,76,21,0,0,0,0,0,0,10.0,0.0,0.0,0,15.0,34.0,66.0
706,Zach,Metsa,,D,198,69,4,0,0,0,0,0,0,2.0,0.0,0.0,0,1.0,1.0,2.0
707,Ben,Meyers,,C,194,71,9,0,0,0,0,0,0,2.0,21.0,30.0,0,8.0,14.0,1.0
708,Jake,Middleton,Ottawa Senators,D,219,75,20,0,0,0,0,0,0,26.0,0.0,0.0,0,18.0,28.0,33.0
709,Niko,Mikkola,,D,204,78,21,0,0,0,0,0,0,22.0,0.0,0.0,0,24.0,21.0,24.0
710,Colin,Miller,,D,200,73,5,0,0,0,0,0,0,2.0,0.0,0.0,0,4.0,10.0,3.0
711,Pavel,Mintyukov,Washington Capitals,D,207,73,19,0,0,0,0,0,0,2.0,0.0,0.0,0,12.0,11.0,19.0
712,Daniil,Miromanov,Vancouver Canucks,D,207,76,1,0,0,0,0,0,0,0.0,0.0,0.0,0,0.0,0.0,2.0
713,Scott,Morrow,,D,210,74,3,0,0,0,0,0,0,0.0,0.0,0.0,0,2.0,0.0,3.0
714,Sam,Morton,Vancouver Canucks,C,185,72,3,0,0,0,0,0,0,10.0,16.0,8.0,0,3.0,9.0,1.0
715,Jacob,Moverare,Carolina Hurricanes,D,210,75,4,0,0,0,0,0,0,0.0,0.0,0.0,0,3.0,2.0,5.0
716,Shakir,Mukhamadullin,,D,200,76,10,0,0,0,0,0,0,6.0,0.0,0.0,0,8.0,5.0,10.0
717,Connor,Murphy,Philadelphia Flyers,D,212,76,21,0,0,0,0,0,0,14.0,0.0,0.0,0,19.0,18.0,20.0
718,Philippe,Myers,New York Rangers,D,221,77,10,0,0,0,0,0,0,6.0,0.0,0.0,0,13.0,10.0,12.0
719,Olli,Määttä,,D,207,74,16,0,0,0,0,0,0,0.0,0.0,0.0,0,7.0,0.0,12.0
720,Tristen,Nielsen,Calgary Flames,C,192,70,3,0,0,0,0,0,0,0.0,0.0,0.0,0,1.0,8.0,1.0
721,Josh,Norris,,C,196,74,1,0,0,0,0,0,0,0.0,4.0,8.0,0,4.0,1.0,0.0
722,Gustav,Nyquist,,R,180,71,15,0,0,0,0,0,0,2.0,5.0,6.0,0,17.0,8.0,9.0
723,Joel,Nystrom,Detroit Red Wings,D,178,71,15,0,0,0,0,0,0,2.0,0.0,0.0,0,23.0,2.0,12.0
724,Liam,Ohgren,Ottawa Senators,L,187,72,9,0,0,0,0,0,0,0.0,2.0,0.0,0,7.0,16.0,7.0
725,Dmitry,Orlov,,D,215,71,22,0,0,0,0,0,0,14.0,0.0,0.0,0,29.0,30.0,32.0
726,Zack,Ostapchuk,,C,212,76,4,0,0,0,0,0,0,2.0,23.0,14.0,0,4.0,6.0,2.0
727,Brennan,Othmann,,L,192,72,1,0,0,0,0,0,0,0.0,0.0,0.0,0,1.0,2.0,1.0
728,Brayden,Pachal,Vancouver Canucks,D,202,74,16,0,0,0,0,0,0,26.0,0.0,0.0,0,11.0,33.0,15.0
729,Colton,Parayko,Buffalo Sabres,D,228,78,22,0,0,0,0,0,0,10.0,0.0,0.0,0,25.0,18.0,54.0
730,Zayne,Parekh,Vancouver Canucks,D,179,72,11,0,0,0,0,0,0,0.0,0.0,0.0,0,11.0,5.0,5.0
731,Andrew,Peeke,Boston Bruins,D,214,75,23,0,0,0,0,0,0,4.0,0.0,0.0,0,24.0,29.0,52.0
732,Adam,Pelech,,D,212,75,22,0,0,0,0,0,0,8.0,0.0,0.0,0,30.0,9.0,32.0
733,Jakob,Pelletier,Los Angeles Kings,L,172,70,1,0,0,0,0,0,0,0.0,1.0,0.0,0,0.0,1.0,1.0
734,Gabe,Perreault,,R,180,71,3,0,0,0,0,0,0,0.0,0.0,0.0,0,2.0,1.0,4.0
735,Brett,Pesce,Montréal Canadiens,D,206,75,9,0,0,0,0,0,0,2.0,0.0,0.0,0,8.0,4.0,24.0
736,Jeff,Petry,,D,208,75,21,0,0,0,0,0,0,8.0,0.0,0.0,0,15.0,13.0,22.0
737,Elias,Pettersson,New Jersey Devils,D,185,74,21,0,0,0,0,0,0,8.0,0.0,0.0,0,11.0,27.0,28.0
738,Owen,Pickering,Toronto Maple Leafs,D,206,77,4,0,0,0,0,0,0,2.0,0.0,0.0,0,1.0,1.0,2.0
739,Tyler,Pitlick,Ottawa Senators,C,199,74,11,0,0,0,0,0,0,22.0,0.0,0.0,0,8.0,27.0,7.0
740,Jason,Polin,Calgary Flames,R,198,72,1,0,0,0,0,0,0,0.0,0.0,0.0,0,0.0,5.0,0.0
741,Martin,Pospisil,Calgary Flames,C,173,74,0,0,0,0,0,0,0,,,,0,,,
742,Sam,Poulin,Toronto Maple Leafs,R,217,74,2,0,0,0,0,0,0,0.0,0.0,0.0,0,1.0,2.0,2.0
743,Ryan,Pulock,,D,219,73,22,0,0,0,0,0,0,2.0,0.0,0.0,0,22.0,16.0,34.0
744,Jacob,Quillan,New York Rangers,C,204,73,2,0,0,0,0,0,0,0.0,3.0,5.0,0,1.0,6.0,0.0
745,Alec,Regula,New York Islanders,D,211,76,10,0,0,0,0,0,0,4.0,0.0,0.0,0,5.0,6.0,7.0
746,Alexander,Romanov,,D,220,73,15,0,0,0,0,0,0,6.0,0.0,0.0,0,17.0,31.0,31.0
747,Kevin,Rooney,Utah Mammoth,C,190,74,0,0,0,0,0,0,0,,,,0,,,
748,Joshua,Roy,,R,192,72,3,0,0,0,0,0,0,2.0,0.0,0.0,0,2.0,6.0,0.0
749,Dylan,Samberg,,D,216,76,4,0,0,0,0,0,0,0.0,0.0,0.0,0,5.0,5.0,12.0
750,Steven,Santini,Los Angeles Kings,D,217,75,2,0,0,0,0,0,0,0.0,0.0,0.0,0,1.0,4.0,2.0
751,Luke,Schenn,,D,225,74,16,0,0,0,0,0,0,12.0,0.0,0.0,0,13.0,35.0,21.0
752,Donovan,Sebrango,,D,223,74,10,0,0,0,0,0,0,14.0,0.0,0.0,0,8.0,15.0,11.0
753,Nick,Seeler,,D,197,75,20,0,0,0,0,0,0,8.0,0.0,0.0,0,24.0,41.0,32.0
754,Conor,Sheary,,L,180,68,23,0,0,0,0,0,0,6.0,8.0,4.0,0,34.0,11.0,19.0
755,Jonas,Siegenthaler,Montréal Canadiens,D,218,74,21,0,0,0,0,0,0,8.0,0.0,0.0,0,13.0,26.0,39.0
756,Dmitri,Simashev,,D,198,76,21,0,0,0,0,0,0,16.0,0.0,0.0,0,22.0,6.0,23.0
757,Colton,Sissons,,C,200,73,19,0,0,0,0,0,0,15.0,105.0,86.0,0,15.0,24.0,15.0
758,Hunter,Skinner,Buffalo Sabres,D,195,75,1,0,0,0,0,0,0,0.0,0.0,0.0,0,0.0,4.0,1.0
759,Brady,Skjei,St. Louis Blues,D,210,75,21,0,0,0,0,0,0,8.0,0.0,0.0,0,33.0,16.0,16.0
760,Jaccob,Slavin,Detroit Red Wings,D,207,75,2,0,0,0,0,0,0,0.0,0.0,0.0,0,2.0,0.0,3.0
761,Ilya,Solovyov,Calgary Flames,D,208,75,9,0,0,0,0,0,0,4.0,0.0,0.0,0,9.0,11.0,15.0
762,Troy,Stecher,New York Rangers,D,184,70,9,0,0,0,0,0,0,8.0,0.0,0.0,0,5.0,5.0,4.0
763,Jayden,Struble,,D,207,72,17,0,0,0,0,0,0,32.0,0.0,0.0,0,10.0,33.0,10.0
764,Nico,Sturm,Ottawa Senators,C,209,75,0,0,0,0,0,0,0,,,,0,,,
765,Oskar,Sundqvist,Buffalo Sabres,C,210,75,13,0,0,0,0,0,0,6.0,49.0,59.0,0,11.0,21.0,5.0
766,Fedor,Svechkov,St. Louis Blues,C,187,72,19,0,0,0,0,0,0,2.0,49.0,68.0,0,24.0,13.0,12.0
767,Brandon,Tanev,,L,189,72,22,0,0,0,0,0,0,8.0,2.0,8.0,0,16.0,63.0,12.0
768,Chris,Tanev,New York Rangers,D,200,75,8,0,0,0,0,0,0,0.0,0.0,0.0,0,6.0,2.0,8.0
769,Alexandre,Texier,,L,196,73,8,0,0,0,0,0,0,2.0,1.0,0.0,0,7.0,9.0,1.0
770,Lassi,Thomson,Ottawa Senators,D,195,72,0,0,0,0,0,0,0,,,,0,,,
771,Conor,Timmins,,D,213,75,21,0,0,0,0,0,0,10.0,0.0,0.0,0,18.0,15.0,47.0
772,Brady,Tkachuk,,L,226,76,3,0,0,0,0,0,0,4.0,8.0,3.0,0,10.0,10.0,2.0
773,Devon,Toews,Calgary Flames,D,191,73,21,0,0,0,0,0,0,8.0,0.0,0.0,0,25.0,8.0,29.0
774,Philip,Tomasino,Toronto Maple Leafs,R,187,72,9,0,0,0,0,0,0,0.0,2.0,2.0,0,9.0,11.0,8.0
775,Alex,Turcotte,Carolina Hurricanes,C,185,71,22,0,0,0,0,0,0,11.0,73.0,61.0,0,16.0,5.0,12.0
776,Urho,Vaakanainen,,D,202,74,14,0,0,0,0,0,0,10.0,0.0,0.0,0,10.0,5.0,9.0
777,Jeffrey,Viel,Boston Bruins,L,214,73,8,0,0,0,0,0,0,28.0,1.0,1.0,0,11.0,25.0,5.0
778,Marshall,Warren,,D,195,71,2,0,0,0,0,0,0,2.0,0.0,0.0,0,0.0,2.0,0.0
779,MacKenzie,Weegar,Vancouver Canucks,D,206,72,23,0,0,0,0,0,0,31.0,0.0,0.0,0,50.0,58.0,43.0
780,Colton,White,Montréal Canadiens,D,187,73,4,0,0,0,0,0,0,0.0,0.0,0.0,0,3.0,3.0,2.0
781,Zach,Whitecloud,,D,210,74,21,0,0,0,0,0,0,10.0,0.0,0.0,0,12.0,36.0,23.0
782,Tom,Willander,New Jersey Devils,D,180,73,12,0,0,0,0,0,0,2.0,0.0,0.0,0,7.0,1.0,13.0
783,Adam,Wilsby,St. Louis Blues,D,188,73,14,0,0,0,0,0,0,10.0,0.0,0.0,0,16.0,4.0,10.0
784,Arber,Xhekaj,,D,240,76,20,0,0,0,0,0,0,40.0,0.0,0.0,0,16.0,31.0,15.0
785,Florian,Xhekaj,,L,195,75,1,0,0,0,0,0,0,7.0,0.0,0.0,0,2.0,3.0,1.0
786,Egor,Zamula,,D,200,75,9,0,0,0,0,0,0,2.0,0.0,0.0,0,7.0,1.0,10.0
